token_address,token_symbol,launch_date,peak_date,max_multiple,wallet_address,current_position_pct,solscan_tag,wallet_type,wallet_first_buy_ts,wallet_position_pct_at_peak,is_bundled,bundle_id
CzLSujWBLFsSjncfkh59rUFqvafWcY5tzedWJSuypump,GOAT,2024-10-10,2024-11-17,107,Am8MAEorCMAKxphqjAz3Ff59NEwPm4W2eS3DQLi2B4hg,15.57,Active Whale Transfer,trader,NULL,NULL,NULL,NULL
CzLSujWBLFsSjncfkh59rUFqvafWcY5tzedWJSuypump,GOAT,2024-10-10,2024-11-17,107,EZ41WcMH3FmyWGV9WQaDLo5uo4ysVNdeAm1ZoTybxjsJ,10.73,Whale,trader,NULL,NULL,NULL,NULL
CzLSujWBLFsSjncfkh59rUFqvafWcY5tzedWJSuypump,GOAT,2024-10-10,2024-11-17,107,JBQ1suc4GJBbVYP6y2poGjoDCFrfjtGSEJRt4deasyNe,3.28,NULL,trader,NULL,NULL,NULL,NULL
CzLSujWBLFsSjncfkh59rUFqvafWcY5tzedWJSuypump,GOAT,2024-10-10,2024-11-17,107,4vmjUC6AtFK4JyF9CrcBM8Wtq9fFvUSa31pLWJumGMZ,2.90,NULL,trader,NULL,NULL,NULL,NULL
CzLSujWBLFsSjncfkh59rUFqvafWcY5tzedWJSuypump,GOAT,2024-10-10,2024-11-17,107,8DBwT4zFqHmK5KU4kMj1zceQANHwf76NRuhevB7ZSoEc,2.22,NULL,trader,NULL,NULL,NULL,NULL
CzLSujWBLFsSjncfkh59rUFqvafWcY5tzedWJSuypump,GOAT,2024-10-10,2024-11-17,107,417ccNwQnQykVbFUDKd3sh6xHKGSRTaCTWr6sdR9ZuCa,1.07,NULL,trader,NULL,NULL,NULL,NULL
CzLSujWBLFsSjncfkh59rUFqvafWcY5tzedWJSuypump,GOAT,2024-10-10,2024-11-17,107,CXozs2P4x5Kkj61kcKfAQLnenhtgGwFowVRpGsKUridz,1.04,Active Whale Transfer,trader,NULL,NULL,NULL,NULL
CzLSujWBLFsSjncfkh59rUFqvafWcY5tzedWJSuypump,GOAT,2024-10-10,2024-11-17,107,2tU4k62hFNMwwxrynmudXGv3csNQuxLtDBUsxAMt9SdL,0.8698,NULL,trader,NULL,NULL,NULL,NULL
CzLSujWBLFsSjncfkh59rUFqvafWcY5tzedWJSuypump,GOAT,2024-10-10,2024-11-17,107,Ezhr48hfsyUg9zoAq7CH5opi7NbSM34RjrVFf4n8cVpo,0.854,NULL,trader,NULL,NULL,NULL,NULL
CzLSujWBLFsSjncfkh59rUFqvafWcY5tzedWJSuypump,GOAT,2024-10-10,2024-11-17,107,9ZPsRWGkukYeWg2Z7eZ8NaTBZ1DSuBUVzLcGQWZgE4Y4,0.8373,Flow Whale Transfer,trader,NULL,NULL,NULL,NULL
CzLSujWBLFsSjncfkh59rUFqvafWcY5tzedWJSuypump,GOAT,2024-10-10,2024-11-17,107,HPGzzTN4rG6JJ8SY3XnxbLvaqpTPDUJxWxrBjrsCueXN,0.7369,Steady Whale Transfer,trader,NULL,NULL,NULL,NULL
CzLSujWBLFsSjncfkh59rUFqvafWcY5tzedWJSuypump,GOAT,2024-10-10,2024-11-17,107,4yqgcP2EvCyyE14Zd9H2jPFMK59q67YUz7bBnUcKcfVE,0.6998,Steady Whale Transfer,trader,NULL,NULL,NULL,NULL
CzLSujWBLFsSjncfkh59rUFqvafWcY5tzedWJSuypump,GOAT,2024-10-10,2024-11-17,107,6hiwdhLrQZvt2nTx9YabB8J1uKet1jrirFbatBm51XuG,0.67,NULL,trader,NULL,NULL,NULL,NULL
CzLSujWBLFsSjncfkh59rUFqvafWcY5tzedWJSuypump,GOAT,2024-10-10,2024-11-17,107,G7rx9sbKqN7A2PugzprSFZhd4toSyKE12TZw2piA8MPt,0.6047,NULL,trader,NULL,NULL,NULL,NULL
CzLSujWBLFsSjncfkh59rUFqvafWcY5tzedWJSuypump,GOAT,2024-10-10,2024-11-17,107,EkgmqAadC69Qs9L7j23yfS4rDjp2VxXHqBimXC4qLvJp,0.5173,NULL,trader,NULL,NULL,NULL,NULL
CzLSujWBLFsSjncfkh59rUFqvafWcY5tzedWJSuypump,GOAT,2024-10-10,2024-11-17,107,52wG8Y2wHWwavYs2gYrrZ7hXL1FFmbfjwV2dP17iU7v3,0.4778,NULL,trader,NULL,NULL,NULL,NULL
CzLSujWBLFsSjncfkh59rUFqvafWcY5tzedWJSuypump,GOAT,2024-10-10,2024-11-17,107,M2St7Gra11AKvk3tC4fJPkxviWYKpLZSMmKcHNoDtxp,0.4775,Whale,trader,NULL,NULL,NULL,NULL
CzLSujWBLFsSjncfkh59rUFqvafWcY5tzedWJSuypump,GOAT,2024-10-10,2024-11-17,107,7JwLu3CZMmtNiDmkHAXBxHSxLyoFPPvwmnyCFLTBYXSV,0.4641,NULL,trader,NULL,NULL,NULL,NULL
CzLSujWBLFsSjncfkh59rUFqvafWcY5tzedWJSuypump,GOAT,2024-10-10,2024-11-17,107,EHBnc3QQpdzRkx861h7VQuUEHSvrrZppMMF3zA8GH51m,0.4634,NULL,trader,NULL,NULL,NULL,NULL
CzLSujWBLFsSjncfkh59rUFqvafWcY5tzedWJSuypump,GOAT,2024-10-10,2024-11-17,107,2zRU3LrCXHHHFexCP8knAdkr1WRVkaR24Cx4adrWCv5G,0.4634,NULL,trader,NULL,NULL,NULL,NULL
CzLSujWBLFsSjncfkh59rUFqvafWcY5tzedWJSuypump,GOAT,2024-10-10,2024-11-17,107,6CNgNuWeQ4hKbP988utbpF3GM6XgGacbdp1a84UAdJX5,0.4402,NULL,trader,NULL,NULL,NULL,NULL
CzLSujWBLFsSjncfkh59rUFqvafWcY5tzedWJSuypump,GOAT,2024-10-10,2024-11-17,107,28RWPC6XPxSxUVjd27KiNRtcHVxKtd6cjms7eBcxiqdV,0.426,Active Whale Transfer,trader,NULL,NULL,NULL,NULL
CzLSujWBLFsSjncfkh59rUFqvafWcY5tzedWJSuypump,GOAT,2024-10-10,2024-11-17,107,8RZ7BP3AJdEmLhSUbuCqDkzNiNfJZ2nxsfS27vUNVevB,0.4101,NULL,trader,NULL,NULL,NULL,NULL
GJAFwWjJ3vnTsrQVabjBVK2TYB1YtRCQXRDfDgUnpump,ACT,2024-10-19,2024-11-14,130,M2St7Gra11AKvk3tC4fJPkxviWYKpLZSMmKcHNoDtxp,1.47,Whale,trader,NULL,NULL,NULL,NULL
GJAFwWjJ3vnTsrQVabjBVK2TYB1YtRCQXRDfDgUnpump,ACT,2024-10-19,2024-11-14,130,5E2d6Z5FRe4584RTmJpyjg8yRtHG1YeorKbFSA1BpkPq,0.483,Whale,trader,NULL,NULL,NULL,NULL
GJAFwWjJ3vnTsrQVabjBVK2TYB1YtRCQXRDfDgUnpump,ACT,2024-10-19,2024-11-14,130,28RWPC6XPxSxUVjd27KiNRtcHVxKtd6cjms7eBcxiqdV,0.4451,Active Whale Transfer,trader,NULL,NULL,NULL,NULL
GJAFwWjJ3vnTsrQVabjBVK2TYB1YtRCQXRDfDgUnpump,ACT,2024-10-19,2024-11-14,130,DSFWxvJjgvLbVqoQ1Zwoe1iVHhwFgrfSiF3ZK1h7nd1K,0.4358,Steady Whale Transfer,trader,NULL,NULL,NULL,NULL
GJAFwWjJ3vnTsrQVabjBVK2TYB1YtRCQXRDfDgUnpump,ACT,2024-10-19,2024-11-14,130,2Ejnns2Fd5gsZdFJbnkZmQEwbrgoiMc2ikKcS2z2Ps3e,0.4284,Steady Whale Transfer,trader,NULL,NULL,NULL,NULL
GJAFwWjJ3vnTsrQVabjBVK2TYB1YtRCQXRDfDgUnpump,ACT,2024-10-19,2024-11-14,130,CqrwsE7Ni9AM3EGtJ68Grg9VLwP1xJWNkc5WXjLPECN6,0.3514,Steady Whale Transfer,trader,NULL,NULL,NULL,NULL
GJAFwWjJ3vnTsrQVabjBVK2TYB1YtRCQXRDfDgUnpump,ACT,2024-10-19,2024-11-14,130,D5ZiZ8a3uMVrp5aKJqC3UFwp1PWJNFDqyaPKpCeTPbrz,0.2607,NULL,trader,NULL,NULL,NULL,NULL
GJAFwWjJ3vnTsrQVabjBVK2TYB1YtRCQXRDfDgUnpump,ACT,2024-10-19,2024-11-14,130,AJsgF1q5CTUyJ1uJvbrURcVHEmghGLXWjWjBY5LMBgLr,0.2606,NULL,trader,NULL,NULL,NULL,NULL
GJAFwWjJ3vnTsrQVabjBVK2TYB1YtRCQXRDfDgUnpump,ACT,2024-10-19,2024-11-14,130,EwunygTyLanCCUT6oovWoVLqtaa181VY5LpnQYbi4VyD,0.2253,NULL,trader,NULL,NULL,NULL,NULL
GJAFwWjJ3vnTsrQVabjBVK2TYB1YtRCQXRDfDgUnpump,ACT,2024-10-19,2024-11-14,130,EhDyxGpEz9hryw6MwiBB7898WEzcoGTCAjVQMHbo6Q1M,0.2158,Active Whale Transfer,trader,NULL,NULL,NULL,NULL
GJAFwWjJ3vnTsrQVabjBVK2TYB1YtRCQXRDfDgUnpump,ACT,2024-10-19,2024-11-14,130,CSEncqtqbmNRjve42sNnbs5cCSmrjUNsAEwc17XY2RCs,0.211,Flow Whale Transfer,trader,NULL,NULL,NULL,NULL
GJAFwWjJ3vnTsrQVabjBVK2TYB1YtRCQXRDfDgUnpump,ACT,2024-10-19,2024-11-14,130,AyEsbNx7GwjT2aB5BEmcDJQg54z9jHzikmJGTnqiAoKQ,0.1802,NULL,trader,NULL,NULL,NULL,NULL
GJAFwWjJ3vnTsrQVabjBVK2TYB1YtRCQXRDfDgUnpump,ACT,2024-10-19,2024-11-14,130,5bN3hmhSjZbvpMHSgKMEqb7HwtuFMYA6xnFdGh4sb1YY,0.1785,NULL,trader,NULL,NULL,NULL,NULL
GJAFwWjJ3vnTsrQVabjBVK2TYB1YtRCQXRDfDgUnpump,ACT,2024-10-19,2024-11-14,130,5TjsQg8HNKtkeEeh1tyGCJdvXtZf8a5wgHBJ3F7itBF1,0.1687,NULL,trader,NULL,NULL,NULL,NULL
GJAFwWjJ3vnTsrQVabjBVK2TYB1YtRCQXRDfDgUnpump,ACT,2024-10-19,2024-11-14,130,8Czzjeh2igeE7gSsbuuXVZUmZZ42yZTCNUZoZcCGRKdr,0.1642,Flow Whale Transfer,trader,NULL,NULL,NULL,NULL
GJAFwWjJ3vnTsrQVabjBVK2TYB1YtRCQXRDfDgUnpump,ACT,2024-10-19,2024-11-14,130,8ehGYfcsjD24MGSP9rnZsdYHDga3eS4Xw4phBdB5rdFw,0.1619,Whale,trader,NULL,NULL,NULL,NULL
GJAFwWjJ3vnTsrQVabjBVK2TYB1YtRCQXRDfDgUnpump,ACT,2024-10-19,2024-11-14,130,FrhLfj81LRpMR3EwSSCGPzHmxsnoq8h628ne68vK5oMN,0.1487,High Frequency Trader,HFT_MM,NULL,NULL,NULL,NULL
GJAFwWjJ3vnTsrQVabjBVK2TYB1YtRCQXRDfDgUnpump,ACT,2024-10-19,2024-11-14,130,7w2UAHpFGfuDysgyS6oVarevXMLy5mDPSQgmJ7oWZdaf,0.1366,Active Whale Transfer,trader,NULL,NULL,NULL,NULL
GJAFwWjJ3vnTsrQVabjBVK2TYB1YtRCQXRDfDgUnpump,ACT,2024-10-19,2024-11-14,130,9goN9WevrARGxw7vLuZn6o9ZdrZnGrMXvjL8J1De9TKZ,0.1326,Whale,trader,NULL,NULL,NULL,NULL
HeLp6NuQkmYB4pYWo2zYs22mESHXPQYzXbB8n4V98jwC,ai16z,2024-10-25,2025-01-02,100,9r5s3TxNwt1YnUhgxQwqbZnDbkdCutv1stwKBe96q9PY,7.10,NULL,trader,NULL,NULL,NULL,NULL
HeLp6NuQkmYB4pYWo2zYs22mESHXPQYzXbB8n4V98jwC,ai16z,2024-10-25,2025-01-02,100,AFR9z9591CwVVu6A5JBRQSSm8p3HXoXyyMj26VVCD7UY,5.08,NULL,trader,NULL,NULL,NULL,NULL
HeLp6NuQkmYB4pYWo2zYs22mESHXPQYzXbB8n4V98jwC,ai16z,2024-10-25,2025-01-02,100,DwzTuEDaE9pkrVJQvznV7zz7YNJcggKxN5wKhYt8JqXY,3.90,Whale,trader,NULL,NULL,NULL,NULL
HeLp6NuQkmYB4pYWo2zYs22mESHXPQYzXbB8n4V98jwC,ai16z,2024-10-25,2025-01-02,100,62kg83xEg2KuL4b3hrvoKcwUDeaAme6z5mdKFZw82Phz,3.08,NULL,trader,NULL,NULL,NULL,NULL
HeLp6NuQkmYB4pYWo2zYs22mESHXPQYzXbB8n4V98jwC,ai16z,2024-10-25,2025-01-02,100,HEfWD7AyeR64t9xZyYVRHRxXrcSorqayJSgFikVJSPzb,2.54,NULL,trader,NULL,NULL,NULL,NULL
HeLp6NuQkmYB4pYWo2zYs22mESHXPQYzXbB8n4V98jwC,ai16z,2024-10-25,2025-01-02,100,2yeiWCM7X8iyUXi1Du1SkpMwWrgWrK6UrK55DMNQF9oo,1.81,NULL,trader,NULL,NULL,NULL,NULL
HeLp6NuQkmYB4pYWo2zYs22mESHXPQYzXbB8n4V98jwC,ai16z,2024-10-25,2025-01-02,100,8KakvspAXwQ9YduiCvMHEUw8PSBFfkEH3YYJ2n3jptKS,1.56,NULL,trader,NULL,NULL,NULL,NULL
HeLp6NuQkmYB4pYWo2zYs22mESHXPQYzXbB8n4V98jwC,ai16z,2024-10-25,2025-01-02,100,7jzQekjqQT2ZYe7TAidjCzD1AJjJMneHKy1mVf1hChh7,1.14,Silent Whale Transfer,trader,NULL,NULL,NULL,NULL
HeLp6NuQkmYB4pYWo2zYs22mESHXPQYzXbB8n4V98jwC,ai16z,2024-10-25,2025-01-02,100,8TWNcXvh9BXKdgNdRKGAfKzGUYsoVDMKUuAdbMYxCJEA,1.09,Active Whale Transfer,trader,NULL,NULL,NULL,NULL
HeLp6NuQkmYB4pYWo2zYs22mESHXPQYzXbB8n4V98jwC,ai16z,2024-10-25,2025-01-02,100,BgVui5swQMFeQBDtdrHGpWKmTiye4kgs8M2YSikRfZfv,0.9956,NULL,trader,NULL,NULL,NULL,NULL
HeLp6NuQkmYB4pYWo2zYs22mESHXPQYzXbB8n4V98jwC,ai16z,2024-10-25,2025-01-02,100,DW8ZkKLhkRFFkctXsnaB2H7xGLotuq2ZP86wc9ADD6zg,0.9296,NULL,trader,NULL,NULL,NULL,NULL
HeLp6NuQkmYB4pYWo2zYs22mESHXPQYzXbB8n4V98jwC,ai16z,2024-10-25,2025-01-02,100,24zqbcvUPWbwjK7BuQWjnSNsPAdv8G1ayKWpczzdJ3de,0.92,NULL,trader,NULL,NULL,NULL,NULL
HeLp6NuQkmYB4pYWo2zYs22mESHXPQYzXbB8n4V98jwC,ai16z,2024-10-25,2025-01-02,100,HeemzUG9V8h7DuLBk3qbLwPDJVAFW3MmTruxEuLkGcNo,0.9179,NULL,trader,NULL,NULL,NULL,NULL
HeLp6NuQkmYB4pYWo2zYs22mESHXPQYzXbB8n4V98jwC,ai16z,2024-10-25,2025-01-02,100,Ca8FwZMGyk75dmp7DkrAssBtqjG9KyZ2BFSj2oDcQ6v1,0.9091,NULL,trader,NULL,NULL,NULL,NULL
HeLp6NuQkmYB4pYWo2zYs22mESHXPQYzXbB8n4V98jwC,ai16z,2024-10-25,2025-01-02,100,EP2RWhDS2Zw6gSZtDi2jQcLBYyisuhxjE2xrKDU4ZaQp,0.6797,NULL,trader,NULL,NULL,NULL,NULL
HeLp6NuQkmYB4pYWo2zYs22mESHXPQYzXbB8n4V98jwC,ai16z,2024-10-25,2025-01-02,100,BEkQmBi88nC1dfqpPs1niFGuRwvh9ug3JYaKybyT97c1,0.6559,NULL,trader,NULL,NULL,NULL,NULL
HeLp6NuQkmYB4pYWo2zYs22mESHXPQYzXbB8n4V98jwC,ai16z,2024-10-25,2025-01-02,100,86DSnpwyQybXRxBJ2iB7D6Qdf8Yvc6VAcKcQrZ7gA7JM,0.6294,NULL,trader,NULL,NULL,NULL,NULL
HeLp6NuQkmYB4pYWo2zYs22mESHXPQYzXbB8n4V98jwC,ai16z,2024-10-25,2025-01-02,100,F9Acz9pR7vBVuQ3htU5URRbHzFniL8tBVuAeYa2oFaCf,0.5419,NULL,trader,NULL,NULL,NULL,NULL
HeLp6NuQkmYB4pYWo2zYs22mESHXPQYzXbB8n4V98jwC,ai16z,2024-10-25,2025-01-02,100,DJiAYFhiqzRLaGhVKVjm1Sw1forNdweZNp23wc7uXipM,0.5366,Silent Whale Transfer,trader,NULL,NULL,NULL,NULL
HeLp6NuQkmYB4pYWo2zYs22mESHXPQYzXbB8n4V98jwC,ai16z,2024-10-25,2025-01-02,100,9KQED5W43CgbbYTtWjyjhFSnrs2SjqKtw6v1epWykRPP,0.5146,NULL,trader,NULL,NULL,NULL,NULL
HeLp6NuQkmYB4pYWo2zYs22mESHXPQYzXbB8n4V98jwC,ai16z,2024-10-25,2025-01-02,100,8tQX5WA8BquHKhPczSZ1TrFH6oCGqNKtBrJ597TAvjwM,0.4923,NULL,trader,NULL,NULL,NULL,NULL
HeLp6NuQkmYB4pYWo2zYs22mESHXPQYzXbB8n4V98jwC,ai16z,2024-10-25,2025-01-02,100,HxGTMrt3893bQZzka3yHG7QtoDHdQM2nG5Mm7EWRAbB5,0.422,NULL,trader,NULL,NULL,NULL,NULL
HeLp6NuQkmYB4pYWo2zYs22mESHXPQYzXbB8n4V98jwC,ai16z,2024-10-25,2025-01-02,100,vWE6r5v4zd2c5iXCQAhV3oRVBLbBUnQYh5uCuVFrwwa,0.4182,NULL,trader,NULL,NULL,NULL,NULL
HeLp6NuQkmYB4pYWo2zYs22mESHXPQYzXbB8n4V98jwC,ai16z,2024-10-25,2025-01-02,100,GjZyVXsQ2Xco7ZND86uWv3RVfGQp8FAXFfy5DeSzCL5T,0.4151,NULL,trader,NULL,NULL,NULL,NULL
HeLp6NuQkmYB4pYWo2zYs22mESHXPQYzXbB8n4V98jwC,ai16z,2024-10-25,2025-01-02,100,HPkPyqPgVoBgtBVgxRhjmSrPRKsBKUiEUub9LqQti7rV,0.3813,NULL,trader,NULL,NULL,NULL,NULL
HeLp6NuQkmYB4pYWo2zYs22mESHXPQYzXbB8n4V98jwC,ai16z,2024-10-25,2025-01-02,100,AGiAVqZiQrz32m1zKC5T4UfQKcDoGNG34sqSHSVNgwtv,0.3761,Whale,trader,NULL,NULL,NULL,NULL
HeLp6NuQkmYB4pYWo2zYs22mESHXPQYzXbB8n4V98jwC,ai16z,2024-10-25,2025-01-02,100,DnFmM4LaY9cMLbsih49fms5KcHFqa2S5EF4tgZ6NtKJS,0.3642,NULL,trader,NULL,NULL,NULL,NULL
HeLp6NuQkmYB4pYWo2zYs22mESHXPQYzXbB8n4V98jwC,ai16z,2024-10-25,2025-01-02,100,9gG67nPjASjdPSjZJhg81gdC1U24wMCRQdWKMVXpWuA1,0.3505,NULL,trader,NULL,NULL,NULL,NULL
HeLp6NuQkmYB4pYWo2zYs22mESHXPQYzXbB8n4V98jwC,ai16z,2024-10-25,2025-01-02,100,2M6R19YrWx5RrYSeQT4AzqU6YmHRJjWfFHR3aQwPovbT,0.3113,NULL,trader,NULL,NULL,NULL,NULL
HeLp6NuQkmYB4pYWo2zYs22mESHXPQYzXbB8n4V98jwC,ai16z,2024-10-25,2025-01-02,100,6aWRXN1ax1EW5qZmYmjSgN4WG6scyeyfvgQh9Jg8o1NH,0.3085,NULL,trader,NULL,NULL,NULL,NULL
HeLp6NuQkmYB4pYWo2zYs22mESHXPQYzXbB8n4V98jwC,ai16z,2024-10-25,2025-01-02,100,4hrKSH9tU8cdNk1eyGfCc1HG5Wrp3CeciXEN4sdyhqAZ,0.3004,NULL,trader,NULL,NULL,NULL,NULL
HeLp6NuQkmYB4pYWo2zYs22mESHXPQYzXbB8n4V98jwC,ai16z,2024-10-25,2025-01-02,100,SdhtgCeH2zzn637RPVjGVkgFaoMJRiEGEwu28KvMEuL,0.2878,NULL,trader,NULL,NULL,NULL,NULL
HeLp6NuQkmYB4pYWo2zYs22mESHXPQYzXbB8n4V98jwC,ai16z,2024-10-25,2025-01-02,100,9LVAQYVTeGtvB9W6yYD9JEJaQDjEpejfRZCRTY7kQYWU,0.2741,NULL,trader,NULL,NULL,NULL,NULL
8x5VqbHA8D7NkD52uNuS5nnt3PwA8pLD34ymskeSo2Wn,ZEREBRO,2024-10-25,2025-01-02,135,BZfRPexCoXMsFLvbYqn8C4PvTLH5KRaxpsFHynMTGQoN,6.22,Whale,trader,NULL,NULL,NULL,NULL
8x5VqbHA8D7NkD52uNuS5nnt3PwA8pLD34ymskeSo2Wn,ZEREBRO,2024-10-25,2025-01-02,135,5CQgCDN7F3zVUWTn1rDSFqfgduNKoMdLAbEsfDEkC17W,2.93,NULL,trader,NULL,NULL,NULL,NULL
8x5VqbHA8D7NkD52uNuS5nnt3PwA8pLD34ymskeSo2Wn,ZEREBRO,2024-10-25,2025-01-02,135,GVhU9gRPkduFR35uD1Hay5nVp1PiKZdhMV3zkNk8UnFw,2.53,Whale,trader,NULL,NULL,NULL,NULL
8x5VqbHA8D7NkD52uNuS5nnt3PwA8pLD34ymskeSo2Wn,ZEREBRO,2024-10-25,2025-01-02,135,2Ejnns2Fd5gsZdFJbnkZmQEwbrgoiMc2ikKcS2z2Ps3e,2.49,Steady Whale Transfer,trader,NULL,NULL,NULL,NULL
8x5VqbHA8D7NkD52uNuS5nnt3PwA8pLD34ymskeSo2Wn,ZEREBRO,2024-10-25,2025-01-02,135,28RWPC6XPxSxUVjd27KiNRtcHVxKtd6cjms7eBcxiqdV,2.40,Active Whale Transfer,trader,NULL,NULL,NULL,NULL
8x5VqbHA8D7NkD52uNuS5nnt3PwA8pLD34ymskeSo2Wn,ZEREBRO,2024-10-25,2025-01-02,135,EvzT88nob9X7rzKoxWwV6AChr5jpFV7Mhhe9LtdF8bP4,1.64,NULL,trader,NULL,NULL,NULL,NULL
8x5VqbHA8D7NkD52uNuS5nnt3PwA8pLD34ymskeSo2Wn,ZEREBRO,2024-10-25,2025-01-02,135,4raqd4tCEnm2yGeUocVqPgN2MPB1W6A3EZfC8LoMChvf,1.58,Active Whale Transfer,trader,NULL,NULL,NULL,NULL
8x5VqbHA8D7NkD52uNuS5nnt3PwA8pLD34ymskeSo2Wn,ZEREBRO,2024-10-25,2025-01-02,135,AZQ93yCf3aF9f7PDLCqwtvFvH52XjJTrUnmsvPLkwnjT,0.7929,NULL,trader,NULL,NULL,NULL,NULL
8x5VqbHA8D7NkD52uNuS5nnt3PwA8pLD34ymskeSo2Wn,ZEREBRO,2024-10-25,2025-01-02,135,9ZPsRWGkukYeWg2Z7eZ8NaTBZ1DSuBUVzLcGQWZgE4Y4,0.7672,Flow Whale Transfer,trader,NULL,NULL,NULL,NULL
8x5VqbHA8D7NkD52uNuS5nnt3PwA8pLD34ymskeSo2Wn,ZEREBRO,2024-10-25,2025-01-02,135,DSFWxvJjgvLbVqoQ1Zwoe1iVHhwFgrfSiF3ZK1h7nd1K,0.7452,Steady Whale Transfer,trader,NULL,NULL,NULL,NULL
8x5VqbHA8D7NkD52uNuS5nnt3PwA8pLD34ymskeSo2Wn,ZEREBRO,2024-10-25,2025-01-02,135,CXFmQi2eM4Jzt9HZwm9A5JAzGvNpKwRuxo52ua3Jyceh,0.6,NULL,trader,NULL,NULL,NULL,NULL
8x5VqbHA8D7NkD52uNuS5nnt3PwA8pLD34ymskeSo2Wn,ZEREBRO,2024-10-25,2025-01-02,135,GAu8iug1KfdmMetpfGHVA4nCe6cCJxmjFmFLWhXeKfek,0.5,NULL,trader,NULL,NULL,NULL,NULL
8x5VqbHA8D7NkD52uNuS5nnt3PwA8pLD34ymskeSo2Wn,ZEREBRO,2024-10-25,2025-01-02,135,AgnaNYcNXDL5Kzjptxb4tLF4NRs1GunRh2SdVCdLST3T,0.3651,NULL,trader,NULL,NULL,NULL,NULL
8x5VqbHA8D7NkD52uNuS5nnt3PwA8pLD34ymskeSo2Wn,ZEREBRO,2024-10-25,2025-01-02,135,FkaLnX17cXZGyeu3kZGdHCNdFMJJzBrPPYVvd18B3MZp,0.3103,High Frequency Trader,HFT_MM,NULL,NULL,NULL,NULL
8x5VqbHA8D7NkD52uNuS5nnt3PwA8pLD34ymskeSo2Wn,ZEREBRO,2024-10-25,2025-01-02,135,44G1h1KnwHnAseNvNK2y4Sjp8QeR8GKBDW9L9BAziyP2,0.3092,NULL,trader,NULL,NULL,NULL,NULL
8x5VqbHA8D7NkD52uNuS5nnt3PwA8pLD34ymskeSo2Wn,ZEREBRO,2024-10-25,2025-01-02,135,CreQJ2t94QK5dsxUZGXfPJ8Nx7wA9LHr5chxjSMkbNft,0.278,High Frequency Trader,HFT_MM,NULL,NULL,NULL,NULL
8x5VqbHA8D7NkD52uNuS5nnt3PwA8pLD34ymskeSo2Wn,ZEREBRO,2024-10-25,2025-01-02,135,9qrNQ7FPNRAWycMZ94cupTdNdJhooKEtUYDzUpKJVfhF,0.27,NULL,trader,NULL,NULL,NULL,NULL
8x5VqbHA8D7NkD52uNuS5nnt3PwA8pLD34ymskeSo2Wn,ZEREBRO,2024-10-25,2025-01-02,135,9A9dUreQvTNoqNrqQC2DN1onfZWBtCBsTiuA6oGXZwc6,0.2527,Steady Whale Transfer,trader,NULL,NULL,NULL,NULL
8x5VqbHA8D7NkD52uNuS5nnt3PwA8pLD34ymskeSo2Wn,ZEREBRO,2024-10-25,2025-01-02,135,EA6R1mfioeSQyvTfdb3ndvmVJYZVH4s29iJJq3VRkezY,0.2324,NULL,trader,NULL,NULL,NULL,NULL
8x5VqbHA8D7NkD52uNuS5nnt3PwA8pLD34ymskeSo2Wn,ZEREBRO,2024-10-25,2025-01-02,135,8Czzjeh2igeE7gSsbuuXVZUmZZ42yZTCNUZoZcCGRKdr,0.2221,Active Whale Transfer,trader,NULL,NULL,NULL,NULL
8x5VqbHA8D7NkD52uNuS5nnt3PwA8pLD34ymskeSo2Wn,ZEREBRO,2024-10-25,2025-01-02,135,GVWeq5RBprqBDt9Enfjjv6tZWemeyyzch4GmXAuQqLwa,0.2199,NULL,trader,NULL,NULL,NULL,NULL
8x5VqbHA8D7NkD52uNuS5nnt3PwA8pLD34ymskeSo2Wn,ZEREBRO,2024-10-25,2025-01-02,135,7w2UAHpFGfuDysgyS6oVarevXMLy5mDPSQgmJ7oWZdaf,0.2092,Active Whale Transfer,trader,NULL,NULL,NULL,NULL
8x5VqbHA8D7NkD52uNuS5nnt3PwA8pLD34ymskeSo2Wn,ZEREBRO,2024-10-25,2025-01-02,135,4GQeEya6ZTwvXre4Br6ZfDyfe2WQMkcDz2QbkJZazVqS,0.2079,High Frequency Trader,HFT_MM,NULL,NULL,NULL,NULL
8x5VqbHA8D7NkD52uNuS5nnt3PwA8pLD34ymskeSo2Wn,ZEREBRO,2024-10-25,2025-01-02,135,8VKR4HFMbog7rP8TVJ4U3EWniDaxjtbbk1bf3FDAakbG,0.1938,NULL,trader,NULL,NULL,NULL,NULL
9BB6NFEcjBCtnNLFko2FqVQBq8HHM13kCyYcdQbgpump,FARTCOIN,2024-10-18,2025-01-19,124,4QuB7hY3H512CLG1orbVrA7HTeXbBYCPxBpNfQ6gs5ru,2.03,Whale,trader,NULL,NULL,NULL,NULL
9BB6NFEcjBCtnNLFko2FqVQBq8HHM13kCyYcdQbgpump,FARTCOIN,2024-10-18,2025-01-19,124,Bb7H8QK6CQsmkfrcA5vULesS1RmegWosgkrrYyd1UEpv,1.99,Whale,trader,NULL,NULL,NULL,NULL
9BB6NFEcjBCtnNLFko2FqVQBq8HHM13kCyYcdQbgpump,FARTCOIN,2024-10-18,2025-01-19,124,Bm5mwGjU5MAXZqtA5xUsedziAaWTS8w9eqDWTxGMYMYQ,1.23,Whale,trader,NULL,NULL,NULL,NULL
9BB6NFEcjBCtnNLFko2FqVQBq8HHM13kCyYcdQbgpump,FARTCOIN,2024-10-18,2025-01-19,124,6SDKTuavnDi75hJwZiZxNEpYjY4edAL7PkZh4SvErr3V,1.23,Whale,trader,NULL,NULL,NULL,NULL
9BB6NFEcjBCtnNLFko2FqVQBq8HHM13kCyYcdQbgpump,FARTCOIN,2024-10-18,2025-01-19,124,H34n1FbcNrBRJWLHvFor8JydhX9E5ahinipTuybqAXFb,1.22,Whale,trader,NULL,NULL,NULL,NULL
9BB6NFEcjBCtnNLFko2FqVQBq8HHM13kCyYcdQbgpump,FARTCOIN,2024-10-18,2025-01-19,124,2qFWtmCJnCEdBvvforrTCrhRkFj6hFBWoivMmSRTWJjE,1.20,Whale,trader,NULL,NULL,NULL,NULL
9BB6NFEcjBCtnNLFko2FqVQBq8HHM13kCyYcdQbgpump,FARTCOIN,2024-10-18,2025-01-19,124,CwMa649C1g1zNxEBQjuyD3rHyTH9cLRVoLVSUAtNUWpa,1.20,Whale,trader,NULL,NULL,NULL,NULL
9BB6NFEcjBCtnNLFko2FqVQBq8HHM13kCyYcdQbgpump,FARTCOIN,2024-10-18,2025-01-19,124,28RWPC6XPxSxUVjd27KiNRtcHVxKtd6cjms7eBcxiqdV,1.19,Active Whale Transfer,trader,NULL,NULL,NULL,NULL
9BB6NFEcjBCtnNLFko2FqVQBq8HHM13kCyYcdQbgpump,FARTCOIN,2024-10-18,2025-01-19,124,9ZPsRWGkukYeWg2Z7eZ8NaTBZ1DSuBUVzLcGQWZgE4Y4,1.06,Flow Whale Transfer,trader,NULL,NULL,NULL,NULL
9BB6NFEcjBCtnNLFko2FqVQBq8HHM13kCyYcdQbgpump,FARTCOIN,2024-10-18,2025-01-19,124,jew.sol,1.00,Whale,named_trader,NULL,NULL,NULL,NULL
9BB6NFEcjBCtnNLFko2FqVQBq8HHM13kCyYcdQbgpump,FARTCOIN,2024-10-18,2025-01-19,124,38ESLHdJkqNvMbJmbgsHJGXjJPpsL4TkvSUgXegYgvpr,1.00,Whale,trader,NULL,NULL,NULL,NULL
9BB6NFEcjBCtnNLFko2FqVQBq8HHM13kCyYcdQbgpump,FARTCOIN,2024-10-18,2025-01-19,124,9nj4oySaZLZDj9VM11ex8Yq9PMkBaRAF25pjFDZ5YZm4,0.9629,Whale,trader,NULL,NULL,NULL,NULL
9BB6NFEcjBCtnNLFko2FqVQBq8HHM13kCyYcdQbgpump,FARTCOIN,2024-10-18,2025-01-19,124,2Ejnns2Fd5gsZdFJbnkZmQEwbrgoiMc2ikKcS2z2Ps3e,0.8867,Steady Whale Transfer,trader,NULL,NULL,NULL,NULL
9BB6NFEcjBCtnNLFko2FqVQBq8HHM13kCyYcdQbgpump,FARTCOIN,2024-10-18,2025-01-19,124,tLoQPvd5rdZQgmzaZmGMC1j7xQfPK8FGcaoarqP3yyV,0.8556,Whale,trader,NULL,NULL,NULL,NULL
9BB6NFEcjBCtnNLFko2FqVQBq8HHM13kCyYcdQbgpump,FARTCOIN,2024-10-18,2025-01-19,124,7QAFvj11sS5kgNh7otR3EGEZbGRHR3nMwNz31rTcDm8P,0.7523,NULL,trader,NULL,NULL,NULL,NULL
9BB6NFEcjBCtnNLFko2FqVQBq8HHM13kCyYcdQbgpump,FARTCOIN,2024-10-18,2025-01-19,124,9DyiP4usme2Hg8jigwcLeUKF1Y6DBNQXMUWCe6NdBYwh,0.7064,NULL,trader,NULL,NULL,NULL,NULL
9BB6NFEcjBCtnNLFko2FqVQBq8HHM13kCyYcdQbgpump,FARTCOIN,2024-10-18,2025-01-19,124,4U5KGSLEzBpT6z7dsDY7Wp1GqvMCSHk1h2UR3u5VhFQ2,0.7033,NULL,trader,NULL,NULL,NULL,NULL
9BB6NFEcjBCtnNLFko2FqVQBq8HHM13kCyYcdQbgpump,FARTCOIN,2024-10-18,2025-01-19,124,CRcheT7YEMRS6TzFEyxDEC8urw57YL4voiESdV2xkMv2,0.6964,Whale,trader,NULL,NULL,NULL,NULL
9BB6NFEcjBCtnNLFko2FqVQBq8HHM13kCyYcdQbgpump,FARTCOIN,2024-10-18,2025-01-19,124,4fVBLqB9PoEyhG72dbr7cTLs2ggdMw3b6aGfELXSvFTX,0.6917,NULL,trader,NULL,NULL,NULL,NULL
9BB6NFEcjBCtnNLFko2FqVQBq8HHM13kCyYcdQbgpump,FARTCOIN,2024-10-18,2025-01-19,124,thepopcat.sol,0.6628,NULL,named_trader,NULL,NULL,NULL,NULL
9BB6NFEcjBCtnNLFko2FqVQBq8HHM13kCyYcdQbgpump,FARTCOIN,2024-10-18,2025-01-19,124,Dtd2cDkh2uKfHpcdJfwuKoFYXRRXs2YAK9P46wxXGceb,0.657,NULL,trader,NULL,NULL,NULL,NULL
9BB6NFEcjBCtnNLFko2FqVQBq8HHM13kCyYcdQbgpump,FARTCOIN,2024-10-18,2025-01-19,124,B1BKCShnRNw63fVkPmxH44jtBjYhL6zUQcPeSUfJ3cNZ,0.6193,Silent Whale Transfer,trader,NULL,NULL,NULL,NULL
9BB6NFEcjBCtnNLFko2FqVQBq8HHM13kCyYcdQbgpump,FARTCOIN,2024-10-18,2025-01-19,124,4hC9CKKgdfo3mTRJHqSk6rwv89wc4ZquQKVpmaW5p6g1,0.6,Steady Whale Transfer,trader,NULL,NULL,NULL,NULL
9BB6NFEcjBCtnNLFko2FqVQBq8HHM13kCyYcdQbgpump,FARTCOIN,2024-10-18,2025-01-19,124,BbEapHoZXCNVV6QHfC9njRJfetrSzzaWSKVtzWUNLPpU,0.5993,NULL,trader,NULL,NULL,NULL,NULL
9BB6NFEcjBCtnNLFko2FqVQBq8HHM13kCyYcdQbgpump,FARTCOIN,2024-10-18,2025-01-19,124,Tuy6gMupGQN7wCZ8rVP1EuLRYB132VSo9Smy4AJvQgn,0.5428,NULL,trader,NULL,NULL,NULL,NULL
9BB6NFEcjBCtnNLFko2FqVQBq8HHM13kCyYcdQbgpump,FARTCOIN,2024-10-18,2025-01-19,124,DSFWxvJjgvLbVqoQ1Zwoe1iVHhwFgrfSiF3ZK1h7nd1K,0.5339,Steady Whale Transfer,trader,NULL,NULL,NULL,NULL
9BB6NFEcjBCtnNLFko2FqVQBq8HHM13kCyYcdQbgpump,FARTCOIN,2024-10-18,2025-01-19,124,HiXhw6DyaFsGVntujTDrRcmutEWMfgD3edAhXZidv2PV,0.5002,Whale,trader,NULL,NULL,NULL,NULL
9BB6NFEcjBCtnNLFko2FqVQBq8HHM13kCyYcdQbgpump,FARTCOIN,2024-10-18,2025-01-19,124,6kFvf2qdoX7wsJKzhxwKVbw24qxPp1FxNjGJ4RufnGb5,0.5,NULL,trader,NULL,NULL,NULL,NULL
9BB6NFEcjBCtnNLFko2FqVQBq8HHM13kCyYcdQbgpump,FARTCOIN,2024-10-18,2025-01-19,124,2Y8k6Zc8yM9sFGbtB9zXHs7RkGPW7QWXy35ReGmMS3gi,0.5,NULL,trader,NULL,NULL,NULL,NULL
9BB6NFEcjBCtnNLFko2FqVQBq8HHM13kCyYcdQbgpump,FARTCOIN,2024-10-18,2025-01-19,124,FNidxJ3Hwo2AV1dC12iUFxryvv3ubLREoUPM3rToaMg,0.5,NULL,trader,NULL,NULL,NULL,NULL
KENJSUYLASHUMfHyy5o4Hp2FdNqZg1AsUPhfH2kYvEP,GRIFFAIN,2024-11-02,2025-01-22,85,9ZPsRWGkukYeWg2Z7eZ8NaTBZ1DSuBUVzLcGQWZgE4Y4,3.15,Flow Whale Transfer,trader,NULL,NULL,NULL,NULL
KENJSUYLASHUMfHyy5o4Hp2FdNqZg1AsUPhfH2kYvEP,GRIFFAIN,2024-11-02,2025-01-22,85,2Ejnns2Fd5gsZdFJbnkZmQEwbrgoiMc2ikKcS2z2Ps3e,2.89,Steady Whale Transfer,trader,NULL,NULL,NULL,NULL
KENJSUYLASHUMfHyy5o4Hp2FdNqZg1AsUPhfH2kYvEP,GRIFFAIN,2024-11-02,2025-01-22,85,DbJUpnsfZjHLWHSVm2nki8nmajDG5uFc4EK9AwEVkopb,2.55,NULL,trader,NULL,NULL,NULL,NULL
KENJSUYLASHUMfHyy5o4Hp2FdNqZg1AsUPhfH2kYvEP,GRIFFAIN,2024-11-02,2025-01-22,85,av5UTLUmmUi5MqHXUXDwPWSL6QDAMC4G9pL6TJcN6dp,2.53,NULL,trader,NULL,NULL,NULL,NULL
KENJSUYLASHUMfHyy5o4Hp2FdNqZg1AsUPhfH2kYvEP,GRIFFAIN,2024-11-02,2025-01-22,85,7pvKSMW8j7hED87sFUSpSs3nTGhPyAFWUXAosRAEi5H3,1.88,NULL,trader,NULL,NULL,NULL,NULL
KENJSUYLASHUMfHyy5o4Hp2FdNqZg1AsUPhfH2kYvEP,GRIFFAIN,2024-11-02,2025-01-22,85,C4B4XFxWrhsedA2TTcwZDVqa4vZ3f4jigySkvPbn5qMA,1.75,NULL,trader,NULL,NULL,NULL,NULL
KENJSUYLASHUMfHyy5o4Hp2FdNqZg1AsUPhfH2kYvEP,GRIFFAIN,2024-11-02,2025-01-22,85,DSFWxvJjgvLbVqoQ1Zwoe1iVHhwFgrfSiF3ZK1h7nd1K,0.9323,Steady Whale Transfer,trader,NULL,NULL,NULL,NULL
KENJSUYLASHUMfHyy5o4Hp2FdNqZg1AsUPhfH2kYvEP,GRIFFAIN,2024-11-02,2025-01-22,85,6kXnyCrNS47uUNiSzoi3QQkPgiTuYjEH2gbwBJK89rqq,0.8932,NULL,trader,NULL,NULL,NULL,NULL
KENJSUYLASHUMfHyy5o4Hp2FdNqZg1AsUPhfH2kYvEP,GRIFFAIN,2024-11-02,2025-01-22,85,VJH55gfPZ1RTq52zoXnkdAeq52iFiwYLWChpL7sCKRR,0.8911,NULL,trader,NULL,NULL,NULL,NULL
KENJSUYLASHUMfHyy5o4Hp2FdNqZg1AsUPhfH2kYvEP,GRIFFAIN,2024-11-02,2025-01-22,85,4yqgcP2EvCyyE14Zd9H2jPFMK59q67YUz7bBnUcKcfVE,0.7903,Active Whale Transfer,trader,NULL,NULL,NULL,NULL
KENJSUYLASHUMfHyy5o4Hp2FdNqZg1AsUPhfH2kYvEP,GRIFFAIN,2024-11-02,2025-01-22,85,sh1tLR3kZmgvU1VrsVdmNMzSCN7zFzc7NRHoChUkC81,0.7424,NULL,trader,NULL,NULL,NULL,NULL
KENJSUYLASHUMfHyy5o4Hp2FdNqZg1AsUPhfH2kYvEP,GRIFFAIN,2024-11-02,2025-01-22,85,8QCVZ7KL65pBhUxbvfwbyyg4ronxNAEXbDrGLYLrRNn5,0.7319,Flow Whale Transfer,trader,NULL,NULL,NULL,NULL
KENJSUYLASHUMfHyy5o4Hp2FdNqZg1AsUPhfH2kYvEP,GRIFFAIN,2024-11-02,2025-01-22,85,AgnaNYcNXDL5Kzjptxb4tLF4NRs1GunRh2SdVCdLST3T,0.6555,NULL,trader,NULL,NULL,NULL,NULL
KENJSUYLASHUMfHyy5o4Hp2FdNqZg1AsUPhfH2kYvEP,GRIFFAIN,2024-11-02,2025-01-22,85,8FWUEfx3w3g3D4LJn6TuXnuT2M6pMMuDRg23jFAAz5TD,0.5879,NULL,trader,NULL,NULL,NULL,NULL
KENJSUYLASHUMfHyy5o4Hp2FdNqZg1AsUPhfH2kYvEP,GRIFFAIN,2024-11-02,2025-01-22,85,FE2MHWLTSmndBUWbbtmnfUfoKrn9NKtDCDGxCPG2h9Dy,0.5779,Active Whale Transfer,trader,NULL,NULL,NULL,NULL
KENJSUYLASHUMfHyy5o4Hp2FdNqZg1AsUPhfH2kYvEP,GRIFFAIN,2024-11-02,2025-01-22,85,willjeetsoon.sol,0.5322,NULL,named_trader,NULL,NULL,NULL,NULL
KENJSUYLASHUMfHyy5o4Hp2FdNqZg1AsUPhfH2kYvEP,GRIFFAIN,2024-11-02,2025-01-22,85,EWJH1tZ7i7FsZBZVYVXyTu1rAyYtxWSS9gv1MJaknxdU,0.5,Whale,trader,NULL,NULL,NULL,NULL
KENJSUYLASHUMfHyy5o4Hp2FdNqZg1AsUPhfH2kYvEP,GRIFFAIN,2024-11-02,2025-01-22,85,9xMjCBpgzqxekj6skCXgQNQZ1vujAvi5KE3juvFME9kp,0.458,NULL,trader,NULL,NULL,NULL,NULL
KENJSUYLASHUMfHyy5o4Hp2FdNqZg1AsUPhfH2kYvEP,GRIFFAIN,2024-11-02,2025-01-22,85,CreQJ2t94QK5dsxUZGXfPJ8Nx7wA9LHr5chxjSMkbNft,0.4497,High Frequency Trader,HFT_MM,NULL,NULL,NULL,NULL
KENJSUYLASHUMfHyy5o4Hp2FdNqZg1AsUPhfH2kYvEP,GRIFFAIN,2024-11-02,2025-01-22,85,6WrSarDg48mdwMkTJ2rjtQXimEbvHeV6P3gkxo3LgT9w,0.4224,NULL,trader,NULL,NULL,NULL,NULL
KENJSUYLASHUMfHyy5o4Hp2FdNqZg1AsUPhfH2kYvEP,GRIFFAIN,2024-11-02,2025-01-22,85,FNMtKkGdxj7CSECEx4qU7nFJEXmU8t5ToxcWRiLGj5MF,0.3991,NULL,trader,NULL,NULL,NULL,NULL
KENJSUYLASHUMfHyy5o4Hp2FdNqZg1AsUPhfH2kYvEP,GRIFFAIN,2024-11-02,2025-01-22,85,AGiAVqZiQrz32m1zKC5T4UfQKcDoGNG34sqSHSVNgwtv,0.3596,Whale,trader,NULL,NULL,NULL,NULL
KENJSUYLASHUMfHyy5o4Hp2FdNqZg1AsUPhfH2kYvEP,GRIFFAIN,2024-11-02,2025-01-22,85,HYJ1JngMdKcz397PF7J15fGiVufvv1UApZPqJos1Mm8X,0.3585,NULL,trader,NULL,NULL,NULL,NULL
KENJSUYLASHUMfHyy5o4Hp2FdNqZg1AsUPhfH2kYvEP,GRIFFAIN,2024-11-02,2025-01-22,85,9FMUjZHCJEeoz1Au9RB7RsgCEeaDfQ164TToKfixCSHi,0.3502,Active Whale Transfer,trader,NULL,NULL,NULL,NULL
Dfh5DzRgSvvCFDoYc2ciTkMrbDfRKybA4SoFbPmApump,PIPPIN,2024-11-09,2025-02-26,162,28RWPC6XPxSxUVjd27KiNRtcHVxKtd6cjms7eBcxiqdV,10.28,Active Whale Transfer,trader,NULL,NULL,NULL,NULL
Dfh5DzRgSvvCFDoYc2ciTkMrbDfRKybA4SoFbPmApump,PIPPIN,2024-11-09,2025-02-26,162,9ZPsRWGkukYeWg2Z7eZ8NaTBZ1DSuBUVzLcGQWZgE4Y4,8.14,Flow Whale Transfer,trader,NULL,NULL,NULL,NULL
Dfh5DzRgSvvCFDoYc2ciTkMrbDfRKybA4SoFbPmApump,PIPPIN,2024-11-09,2025-02-26,162,4QuB7hY3H512CLG1orbVrA7HTeXbBYCPxBpNfQ6gs5ru,7.90,Whale,trader,NULL,NULL,NULL,NULL
Dfh5DzRgSvvCFDoYc2ciTkMrbDfRKybA4SoFbPmApump,PIPPIN,2024-11-09,2025-02-26,162,AgnaNYcNXDL5Kzjptxb4tLF4NRs1GunRh2SdVCdLST3T,1.59,NULL,trader,NULL,NULL,NULL,NULL
Dfh5DzRgSvvCFDoYc2ciTkMrbDfRKybA4SoFbPmApump,PIPPIN,2024-11-09,2025-02-26,162,C4B4XFxWrhsedA2TTcwZDVqa4vZ3f4jigySkvPbn5qMA,1.03,NULL,trader,NULL,NULL,NULL,NULL
Dfh5DzRgSvvCFDoYc2ciTkMrbDfRKybA4SoFbPmApump,PIPPIN,2024-11-09,2025-02-26,162,3WXbSDZmSiVRtZhSWgJzkYk3LPPA9nHWeFd9LFhV4ijm,1.00,NULL,trader,NULL,NULL,NULL,NULL
Dfh5DzRgSvvCFDoYc2ciTkMrbDfRKybA4SoFbPmApump,PIPPIN,2024-11-09,2025-02-26,162,AhxzRPdizP8Dg52aJHrczQphEcsPv36QocHujrcPtarU,1.00,Whale,trader,NULL,NULL,NULL,NULL
Dfh5DzRgSvvCFDoYc2ciTkMrbDfRKybA4SoFbPmApump,PIPPIN,2024-11-09,2025-02-26,162,5ex3ey6JWFNUe945gcyjCWggGu7n1QqzMReG4oAfuHdM,0.9782,NULL,trader,NULL,NULL,NULL,NULL
Dfh5DzRgSvvCFDoYc2ciTkMrbDfRKybA4SoFbPmApump,PIPPIN,2024-11-09,2025-02-26,162,2Z4ATYUQUGdjSQi16JeYAJnGwU392y4ZJoKb5g63ddow,0.9411,NULL,trader,NULL,NULL,NULL,NULL
Dfh5DzRgSvvCFDoYc2ciTkMrbDfRKybA4SoFbPmApump,PIPPIN,2024-11-09,2025-02-26,162,5ghVXfuvzLBMAdwLbs8dcCEK5viqMCqkGY71L2cZ1rCo,0.9028,Active Whale Transfer,trader,NULL,NULL,NULL,NULL
Dfh5DzRgSvvCFDoYc2ciTkMrbDfRKybA4SoFbPmApump,PIPPIN,2024-11-09,2025-02-26,162,EaadhrEdPXznDDFxmYXsaSupnsVUGnhTbFo7Z1wMujTN,0.8696,NULL,trader,NULL,NULL,NULL,NULL
Dfh5DzRgSvvCFDoYc2ciTkMrbDfRKybA4SoFbPmApump,PIPPIN,2024-11-09,2025-02-26,162,m7VmSjdSN6isudY6PVRa7GuZbG8rPBpB2X2DGHR5awz,0.806,Flow Whale Transfer,trader,NULL,NULL,NULL,NULL
Dfh5DzRgSvvCFDoYc2ciTkMrbDfRKybA4SoFbPmApump,PIPPIN,2024-11-09,2025-02-26,162,FQTm5QScKVTZQJWacuCgtnpiuxMZnB4NPVmgziFSrTQ4,0.6003,NULL,trader,NULL,NULL,NULL,NULL
Dfh5DzRgSvvCFDoYc2ciTkMrbDfRKybA4SoFbPmApump,PIPPIN,2024-11-09,2025-02-26,162,VJH55gfPZ1RTq52zoXnkdAeq52iFiwYLWChpL7sCKRR,0.5665,NULL,trader,NULL,NULL,NULL,NULL
Dfh5DzRgSvvCFDoYc2ciTkMrbDfRKybA4SoFbPmApump,PIPPIN,2024-11-09,2025-02-26,162,FN4seJZ9Wdi3NCbugCkPD5xYac5UrCQmzQt4o3Ko5VB2,0.5178,NULL,trader,NULL,NULL,NULL,NULL
Dfh5DzRgSvvCFDoYc2ciTkMrbDfRKybA4SoFbPmApump,PIPPIN,2024-11-09,2025-02-26,162,9FMUjZHCJEeoz1Au9RB7RsgCEeaDfQ164TToKfixCSHi,0.4522,Flow Whale Transfer,trader,NULL,NULL,NULL,NULL
Dfh5DzRgSvvCFDoYc2ciTkMrbDfRKybA4SoFbPmApump,PIPPIN,2024-11-09,2025-02-26,162,HWBDGGT5j8LMVbGRu8UC6KQ3p9NKUi6nCfh4ENogEFee,0.4511,NULL,trader,NULL,NULL,NULL,NULL
Dfh5DzRgSvvCFDoYc2ciTkMrbDfRKybA4SoFbPmApump,PIPPIN,2024-11-09,2025-02-26,162,D55dTJ6yaWtbCGbfmAEjbojiExz4GyeVfUryVCbKbiSK,0.4379,NULL,trader,NULL,NULL,NULL,NULL
Dfh5DzRgSvvCFDoYc2ciTkMrbDfRKybA4SoFbPmApump,PIPPIN,2024-11-09,2025-02-26,162,4gXs8oc2yEwDTPkDyo6V8ZixheTCZvu8JicrEuDat8tH,0.3499,Whale,trader,NULL,NULL,NULL,NULL
Dfh5DzRgSvvCFDoYc2ciTkMrbDfRKybA4SoFbPmApump,PIPPIN,2024-11-09,2025-02-26,162,9ngt7kG1t7Jm22XfJCfoRJvNYGwKacHP3KJ7cp5MRiBe,0.338,Active Whale Transfer,trader,NULL,NULL,NULL,NULL
Dfh5DzRgSvvCFDoYc2ciTkMrbDfRKybA4SoFbPmApump,PIPPIN,2024-11-09,2025-02-26,162,GJvewfRjqTUPtx6WsBSUnaFbdgXwgXnWfpDyLm65T4YA,0.3348,Flow Whale Transfer,trader,NULL,NULL,NULL,NULL
Dfh5DzRgSvvCFDoYc2ciTkMrbDfRKybA4SoFbPmApump,PIPPIN,2024-11-09,2025-02-26,162,BGNxbNpURa4Z7tLSSNNyU6Li4rTZNYEtKXfsWc1G4KDM,0.2823,NULL,trader,NULL,NULL,NULL,NULL
Dfh5DzRgSvvCFDoYc2ciTkMrbDfRKybA4SoFbPmApump,PIPPIN,2024-11-09,2025-02-26,162,G1HYhj7cWLrJBi2zfzMHyvxUDSYnQNqG48aN7Gt9DK1,0.2766,NULL,trader,NULL,NULL,NULL,NULL
Dfh5DzRgSvvCFDoYc2ciTkMrbDfRKybA4SoFbPmApump,PIPPIN,2024-11-09,2025-02-26,162,4c2g8FXJdvvZCKGFJ4uth6WujHK6fEVKvTWXbmzpoYYa,0.2699,NULL,trader,NULL,NULL,NULL,NULL
Dfh5DzRgSvvCFDoYc2ciTkMrbDfRKybA4SoFbPmApump,PIPPIN,2024-11-09,2025-02-26,162,CreQJ2t94QK5dsxUZGXfPJ8Nx7wA9LHr5chxjSMkbNft,0.2588,Flow Whale Transfer,HFT_MM,NULL,NULL,NULL,NULL
Dfh5DzRgSvvCFDoYc2ciTkMrbDfRKybA4SoFbPmApump,PIPPIN,2024-11-09,2025-02-26,162,C57RBagtGDYpTGxwG92gSKQ5ptQr4Wa9qz3yDBB6uu1B,0.2483,Steady Whale Transfer,trader,NULL,NULL,NULL,NULL
Dfh5DzRgSvvCFDoYc2ciTkMrbDfRKybA4SoFbPmApump,PIPPIN,2024-11-09,2025-02-26,162,5HkvzeCqtwRL4Ep9icUz41q76RZPebn6ee2EN4ndfTP,0.2402,NULL,trader,NULL,NULL,NULL,NULL
Dfh5DzRgSvvCFDoYc2ciTkMrbDfRKybA4SoFbPmApump,PIPPIN,2024-11-09,2025-02-26,162,HfBMZH3tWaXGqksbQHCF6cAhPutm6Mj4Xdk4ewXTY49E,0.2133,Active Whale Transfer,trader,NULL,NULL,NULL,NULL
Dfh5DzRgSvvCFDoYc2ciTkMrbDfRKybA4SoFbPmApump,PIPPIN,2024-11-09,2025-02-26,162,kjqHRWXiw6o6tGNH9sjJ5J9vY7edkWXACfjdcKHJKsi,0.2122,NULL,trader,NULL,NULL,NULL,NULL
Dfh5DzRgSvvCFDoYc2ciTkMrbDfRKybA4SoFbPmApump,PIPPIN,2024-11-09,2025-02-26,162,5BkhNHoYMXaNy2hvbTWsPqHsgy6kNHE2X1uoaHNgSQW7,0.1919,NULL,trader,NULL,NULL,NULL,NULL
Dfh5DzRgSvvCFDoYc2ciTkMrbDfRKybA4SoFbPmApump,PIPPIN,2024-11-09,2025-02-26,162,8pvfsiCwDUae4hLEkgApKMs81mPJkgGPXpR6kD7WBb8V,0.1895,NULL,trader,NULL,NULL,NULL,NULL
74SBV4zDXxTRgv1pEMoECskKBkZHc2yGPnc7GYVepump,SWARMS,2024-12-17,2025-01-07,107,CtBLg4AX6LQfKVtPPUWqJyQ5cRfHydUwuZZ87rmojA1P,1.76,NULL,trader,NULL,NULL,NULL,NULL
74SBV4zDXxTRgv1pEMoECskKBkZHc2yGPnc7GYVepump,SWARMS,2024-12-17,2025-01-07,107,2Ejnns2Fd5gsZdFJbnkZmQEwbrgoiMc2ikKcS2z2Ps3e,1.39,Steady Whale Transfer,trader,NULL,NULL,NULL,NULL
74SBV4zDXxTRgv1pEMoECskKBkZHc2yGPnc7GYVepump,SWARMS,2024-12-17,2025-01-07,107,A9m1DW6ugQQiggBJmfo11QKR5DuviZRMF1AmVXP3ZqgB,1.02,NULL,trader,NULL,NULL,NULL,NULL
74SBV4zDXxTRgv1pEMoECskKBkZHc2yGPnc7GYVepump,SWARMS,2024-12-17,2025-01-07,107,DtWy976Ymf5aywrxXzywycqFNUC7zfp9478buJ6DDSFN,1.00,NULL,trader,NULL,NULL,NULL,NULL
74SBV4zDXxTRgv1pEMoECskKBkZHc2yGPnc7GYVepump,SWARMS,2024-12-17,2025-01-07,107,9FMUjZHCJEeoz1Au9RB7RsgCEeaDfQ164TToKfixCSHi,0.8926,Active Whale Transfer,trader,NULL,NULL,NULL,NULL
74SBV4zDXxTRgv1pEMoECskKBkZHc2yGPnc7GYVepump,SWARMS,2024-12-17,2025-01-07,107,AgnaNYcNXDL5Kzjptxb4tLF4NRs1GunRh2SdVCdLST3T,0.8834,NULL,trader,NULL,NULL,NULL,NULL
74SBV4zDXxTRgv1pEMoECskKBkZHc2yGPnc7GYVepump,SWARMS,2024-12-17,2025-01-07,107,FE2MHWLTSmndBUWbbtmnfUfoKrn9NKtDCDGxCPG2h9Dy,0.8781,Active Whale Transfer,trader,NULL,NULL,NULL,NULL
74SBV4zDXxTRgv1pEMoECskKBkZHc2yGPnc7GYVepump,SWARMS,2024-12-17,2025-01-07,107,F6V3T6gAj6yko3D5QTj4gZXXmitvXNBUBY8ZsMsWLqoW,0.8535,NULL,trader,NULL,NULL,NULL,NULL
74SBV4zDXxTRgv1pEMoECskKBkZHc2yGPnc7GYVepump,SWARMS,2024-12-17,2025-01-07,107,C4B4XFxWrhsedA2TTcwZDVqa4vZ3f4jigySkvPbn5qMA,0.6669,NULL,trader,NULL,NULL,NULL,NULL
74SBV4zDXxTRgv1pEMoECskKBkZHc2yGPnc7GYVepump,SWARMS,2024-12-17,2025-01-07,107,AFTiL7G1J9bNVE1vFpzjiY9enrsyQwcJrwkTVJQQmr8p,0.61,NULL,trader,NULL,NULL,NULL,NULL
74SBV4zDXxTRgv1pEMoECskKBkZHc2yGPnc7GYVepump,SWARMS,2024-12-17,2025-01-07,107,5ghVXfuvzLBMAdwLbs8dcCEK5viqMCqkGY71L2cZ1rCo,0.551,Active Whale Transfer,trader,NULL,NULL,NULL,NULL
74SBV4zDXxTRgv1pEMoECskKBkZHc2yGPnc7GYVepump,SWARMS,2024-12-17,2025-01-07,107,CgJQUYuXTnVTR7TQuF5NrcPBQurn81Fk4FX2UbiRU64D,0.5,NULL,trader,NULL,NULL,NULL,NULL
74SBV4zDXxTRgv1pEMoECskKBkZHc2yGPnc7GYVepump,SWARMS,2024-12-17,2025-01-07,107,8Czzjeh2igeE7gSsbuuXVZUmZZ42yZTCNUZoZcCGRKdr,0.4816,Active Whale Transfer,trader,NULL,NULL,NULL,NULL
74SBV4zDXxTRgv1pEMoECskKBkZHc2yGPnc7GYVepump,SWARMS,2024-12-17,2025-01-07,107,FkaLnX17cXZGyeu3kZGdHCNdFMJJzBrPPYVvd18B3MZp,0.4513,High Frequency Trader,HFT_MM,NULL,NULL,NULL,NULL
74SBV4zDXxTRgv1pEMoECskKBkZHc2yGPnc7GYVepump,SWARMS,2024-12-17,2025-01-07,107,5y1eVKk8W8TqQuzzaTjjQ8vMNrYDfFDnTfeZAYGzHwBu,0.428,NULL,trader,NULL,NULL,NULL,NULL
74SBV4zDXxTRgv1pEMoECskKBkZHc2yGPnc7GYVepump,SWARMS,2024-12-17,2025-01-07,107,EzGM9U3dpSJyWWVcJgNPV8s9P9uminu79a6Se6UcWB2Q,0.4,NULL,trader,NULL,NULL,NULL,NULL
74SBV4zDXxTRgv1pEMoECskKBkZHc2yGPnc7GYVepump,SWARMS,2024-12-17,2025-01-07,107,7MaX4muAn8ZQREJxnupm8sgokwFHujgrGfH9Qn81BuEV,0.3681,NULL,trader,NULL,NULL,NULL,NULL
74SBV4zDXxTRgv1pEMoECskKBkZHc2yGPnc7GYVepump,SWARMS,2024-12-17,2025-01-07,107,7w2UAHpFGfuDysgyS6oVarevXMLy5mDPSQgmJ7oWZdaf,0.3652,Active Whale Transfer,trader,NULL,NULL,NULL,NULL
74SBV4zDXxTRgv1pEMoECskKBkZHc2yGPnc7GYVepump,SWARMS,2024-12-17,2025-01-07,107,9dC3ogmrudKNQrbkXZwiVNdSPPQ31PKnUk7U2SdWq4XB,0.3324,NULL,trader,NULL,NULL,NULL,NULL
74SBV4zDXxTRgv1pEMoECskKBkZHc2yGPnc7GYVepump,SWARMS,2024-12-17,2025-01-07,107,FrhLfj81LRpMR3EwSSCGPzHmxsnoq8h628ne68vK5oMN,0.3273,Flow Whale Transfer,HFT_MM,NULL,NULL,NULL,NULL
74SBV4zDXxTRgv1pEMoECskKBkZHc2yGPnc7GYVepump,SWARMS,2024-12-17,2025-01-07,107,FnuNG15DWH8fgZ9EtkhFb6STxB4b1YCwG7KejXiH9pJG,0.312,NULL,trader,NULL,NULL,NULL,NULL
74SBV4zDXxTRgv1pEMoECskKBkZHc2yGPnc7GYVepump,SWARMS,2024-12-17,2025-01-07,107,J8Egnnwkv4ZPeAsrKYHALcig4NEhCJDfAtrMKvdTx5uJ,0.278,NULL,trader,NULL,NULL,NULL,NULL
74SBV4zDXxTRgv1pEMoECskKBkZHc2yGPnc7GYVepump,SWARMS,2024-12-17,2025-01-07,107,8VKR4HFMbog7rP8TVJ4U3EWniDaxjtbbk1bf3FDAakbG,0.2306,NULL,trader,NULL,NULL,NULL,NULL
74SBV4zDXxTRgv1pEMoECskKBkZHc2yGPnc7GYVepump,SWARMS,2024-12-17,2025-01-07,107,E6o6XyVq3Tuv7HvHXsQGzb4GzbvD5UzWMhuorrTRUo1c,0.2297,NULL,trader,NULL,NULL,NULL,NULL
74SBV4zDXxTRgv1pEMoECskKBkZHc2yGPnc7GYVepump,SWARMS,2024-12-17,2025-01-07,107,8BdoGGKpvkisYjSAV5SVk5nmuhjmLL9uCHqZ7kqnrsm7,0.1959,Active Whale Transfer,trader,NULL,NULL,NULL,NULL
74SBV4zDXxTRgv1pEMoECskKBkZHc2yGPnc7GYVepump,SWARMS,2024-12-17,2025-01-07,107,8dx9U1GLkYEj43neWveQmVxeycwLPbhmjGDK6TqdU7xH,0.1957,NULL,trader,NULL,NULL,NULL,NULL
FUAfBo2jgks6gB4Z4LfZkqSZgzNucisEHqnNebaRxM1P,MELANIA,2025-01-19,2025-01-20,190,FV4nQwSH6t21iZTgrkcfVg8ct8o1tpdQPojAYXnXugXe,30.00,Whale,trader,NULL,NULL,NULL,NULL
FUAfBo2jgks6gB4Z4LfZkqSZgzNucisEHqnNebaRxM1P,MELANIA,2025-01-19,2025-01-20,190,A3o8h9ZhrqvDi4aEw2mwmDsmTarr2k1oQ7zVnMkwmHBS,30.00,Whale,trader,NULL,NULL,NULL,NULL
FUAfBo2jgks6gB4Z4LfZkqSZgzNucisEHqnNebaRxM1P,MELANIA,2025-01-19,2025-01-20,190,ChXMYsGrE9VYCF4VLjwPY9KJVn73xSSmqLkmGhKp3QTV,13.00,Whale,trader,NULL,NULL,NULL,NULL
FUAfBo2jgks6gB4Z4LfZkqSZgzNucisEHqnNebaRxM1P,MELANIA,2025-01-19,2025-01-20,190,AVPKzX2QZ8E23SWR728yhMTnnqr9UjAZdgemfaE3qHg5,0.7145,Steady Whale Transfer,trader,NULL,NULL,NULL,NULL
FUAfBo2jgks6gB4Z4LfZkqSZgzNucisEHqnNebaRxM1P,MELANIA,2025-01-19,2025-01-20,190,9D8xSHWqF9NJWqCtn3rNxYEox63aCbWxYzTMfMur7Cc9,0.4174,Active Whale Transfer,trader,NULL,NULL,NULL,NULL
FUAfBo2jgks6gB4Z4LfZkqSZgzNucisEHqnNebaRxM1P,MELANIA,2025-01-19,2025-01-20,190,M2St7Gra11AKvk3tC4fJPkxviWYKpLZSMmKcHNoDtxp,0.2997,Whale,trader,NULL,NULL,NULL,NULL
FUAfBo2jgks6gB4Z4LfZkqSZgzNucisEHqnNebaRxM1P,MELANIA,2025-01-19,2025-01-20,190,9E4fv9BsJ2BwkNBXDeUgpJYtrYPheMQWYFcxGYxDFshX,0.2596,Active Whale Transfer,trader,NULL,NULL,NULL,NULL
FUAfBo2jgks6gB4Z4LfZkqSZgzNucisEHqnNebaRxM1P,MELANIA,2025-01-19,2025-01-20,190,2Ejnns2Fd5gsZdFJbnkZmQEwbrgoiMc2ikKcS2z2Ps3e,0.2184,Steady Whale Transfer,trader,NULL,NULL,NULL,NULL
FUAfBo2jgks6gB4Z4LfZkqSZgzNucisEHqnNebaRxM1P,MELANIA,2025-01-19,2025-01-20,190,94Uqpavgwg6JoRjmqkvhLECzZGqn1x2gVZRmLEqRqUzm,0.2034,NULL,trader,NULL,NULL,NULL,NULL
FUAfBo2jgks6gB4Z4LfZkqSZgzNucisEHqnNebaRxM1P,MELANIA,2025-01-19,2025-01-20,190,FqdKeDySTDXdrLZojEhUd5ZLKJALMghP3ec134NG7xG,0.2019,NULL,trader,NULL,NULL,NULL,NULL
FUAfBo2jgks6gB4Z4LfZkqSZgzNucisEHqnNebaRxM1P,MELANIA,2025-01-19,2025-01-20,190,DSFWxvJjgvLbVqoQ1Zwoe1iVHhwFgrfSiF3ZK1h7nd1K,0.1649,Steady Whale Transfer,trader,NULL,NULL,NULL,NULL
FUAfBo2jgks6gB4Z4LfZkqSZgzNucisEHqnNebaRxM1P,MELANIA,2025-01-19,2025-01-20,190,C1o6nLdWf15CtigUHee4FPAT2zLezoMntA4JHmGTDU16,0.1576,NULL,trader,NULL,NULL,NULL,NULL
FUAfBo2jgks6gB4Z4LfZkqSZgzNucisEHqnNebaRxM1P,MELANIA,2025-01-19,2025-01-20,190,EWJH1tZ7i7FsZBZVYVXyTu1rAyYtxWSS9gv1MJaknxdU,0.155,Whale,trader,NULL,NULL,NULL,NULL
FUAfBo2jgks6gB4Z4LfZkqSZgzNucisEHqnNebaRxM1P,MELANIA,2025-01-19,2025-01-20,190,GYzTxa7CtkJ3gFshi8CusUaY65jX3xM4cEfwbKy2nztM,0.1153,Whale,trader,NULL,NULL,NULL,NULL
FUAfBo2jgks6gB4Z4LfZkqSZgzNucisEHqnNebaRxM1P,MELANIA,2025-01-19,2025-01-20,190,EUTaB8u5eSLyi7D4EK24b5eUyfUEJcqsRtw3woR2bZwN,0.1078,Whale,trader,NULL,NULL,NULL,NULL
FUAfBo2jgks6gB4Z4LfZkqSZgzNucisEHqnNebaRxM1P,MELANIA,2025-01-19,2025-01-20,190,7n84gquK7kMcvAJdSmo4M3PqTFu8nJnvrP7AwFwAeu86,0.09606,Whale,trader,NULL,NULL,NULL,NULL
FUAfBo2jgks6gB4Z4LfZkqSZgzNucisEHqnNebaRxM1P,MELANIA,2025-01-19,2025-01-20,190,71CPXu3TvH3iUKaY1bNkAAow24k6tjH473SsKprQBABC,0.08515,NULL,trader,NULL,NULL,NULL,NULL
FUAfBo2jgks6gB4Z4LfZkqSZgzNucisEHqnNebaRxM1P,MELANIA,2025-01-19,2025-01-20,190,HZ8tojvTM1AaA12ow6rmR5aLWdaBHv1ZKBoQ3ECXxvfV,0.08026,NULL,trader,NULL,NULL,NULL,NULL
FUAfBo2jgks6gB4Z4LfZkqSZgzNucisEHqnNebaRxM1P,MELANIA,2025-01-19,2025-01-20,190,2guiik4X5ixgRFjzoXjjsbfAEmja1uRHddSptjLMhjLw,0.07288,NULL,trader,NULL,NULL,NULL,NULL
FUAfBo2jgks6gB4Z4LfZkqSZgzNucisEHqnNebaRxM1P,MELANIA,2025-01-19,2025-01-20,190,7w2UAHpFGfuDysgyS6oVarevXMLy5mDPSQgmJ7oWZdaf,0.069,Active Whale Transfer,trader,NULL,NULL,NULL,NULL
FUAfBo2jgks6gB4Z4LfZkqSZgzNucisEHqnNebaRxM1P,MELANIA,2025-01-19,2025-01-20,190,CSEncqtqbmNRjve42sNnbs5cCSmrjUNsAEwc17XY2RCs,0.0654,Flow Whale Transfer,trader,NULL,NULL,NULL,NULL
Dz9mQ9NzkBcCsuGPFJ3r1bS4wgqKMHBPiVuniW8Mbonk,USELESS,2025-05-10,2025-10-14,84,jew.sol,3.49,Whale,named_trader,NULL,NULL,NULL,NULL
Dz9mQ9NzkBcCsuGPFJ3r1bS4wgqKMHBPiVuniW8Mbonk,USELESS,2025-05-10,2025-10-14,84,3v9if9DKWtddViPZzVY5JoNcjyWt5Kh1avP3HdBg1XT6,3.02,Whale,trader,NULL,NULL,NULL,NULL
Dz9mQ9NzkBcCsuGPFJ3r1bS4wgqKMHBPiVuniW8Mbonk,USELESS,2025-05-10,2025-10-14,84,yeomyung.sol,2.79,Whale,named_trader,NULL,NULL,NULL,NULL
Dz9mQ9NzkBcCsuGPFJ3r1bS4wgqKMHBPiVuniW8Mbonk,USELESS,2025-05-10,2025-10-14,84,ASxNk7dTm1iptokoxV6xXh5N2C8kngCGFNfvBEP8J6LE,2.60,Whale,trader,NULL,NULL,NULL,NULL
Dz9mQ9NzkBcCsuGPFJ3r1bS4wgqKMHBPiVuniW8Mbonk,USELESS,2025-05-10,2025-10-14,84,8hyWeHJ2CTmdENPuBKJxipef7Tcn8adA4EJbZ1buV43S,2.60,Whale,trader,NULL,NULL,NULL,NULL
Dz9mQ9NzkBcCsuGPFJ3r1bS4wgqKMHBPiVuniW8Mbonk,USELESS,2025-05-10,2025-10-14,84,3NUVXes1zYARV5vE8X9ipVrqvhnoFkKk23zsVvtFauUF,2.13,Whale,trader,NULL,NULL,NULL,NULL
Dz9mQ9NzkBcCsuGPFJ3r1bS4wgqKMHBPiVuniW8Mbonk,USELESS,2025-05-10,2025-10-14,84,GtuXszFPWQoXyWeJcfjZrv1fCiUEummuLeejhC3eqXt3,2.04,Whale,trader,NULL,NULL,NULL,NULL
Dz9mQ9NzkBcCsuGPFJ3r1bS4wgqKMHBPiVuniW8Mbonk,USELESS,2025-05-10,2025-10-14,84,3eRoV9MjZLdtpchHMgcZb55PRxD1usEJB8FiQxwJrDN6,1.69,Silent Whale Transfer,trader,NULL,NULL,NULL,NULL
Dz9mQ9NzkBcCsuGPFJ3r1bS4wgqKMHBPiVuniW8Mbonk,USELESS,2025-05-10,2025-10-14,84,2rW9zy5et62LjyaosNoDpe4y3MhRsGPJrpjSUM9KUSPe,1.43,Whale,trader,NULL,NULL,NULL,NULL
Dz9mQ9NzkBcCsuGPFJ3r1bS4wgqKMHBPiVuniW8Mbonk,USELESS,2025-05-10,2025-10-14,84,Gwfj1RgNAmUXpogUW2CSUTtn1uYzidAzUt1sHR4pqqMA,1.37,Silent Whale Transfer,trader,NULL,NULL,NULL,NULL
Dz9mQ9NzkBcCsuGPFJ3r1bS4wgqKMHBPiVuniW8Mbonk,USELESS,2025-05-10,2025-10-14,84,2Ejnns2Fd5gsZdFJbnkZmQEwbrgoiMc2ikKcS2z2Ps3e,1.14,Steady Whale Transfer,trader,NULL,NULL,NULL,NULL
Dz9mQ9NzkBcCsuGPFJ3r1bS4wgqKMHBPiVuniW8Mbonk,USELESS,2025-05-10,2025-10-14,84,EeE1Wcdf4JTDdC3q4DeLgbF3hxpVdyfGfFtz794LvbsB,1.00,NULL,trader,NULL,NULL,NULL,NULL
Dz9mQ9NzkBcCsuGPFJ3r1bS4wgqKMHBPiVuniW8Mbonk,USELESS,2025-05-10,2025-10-14,84,9nj4oySaZLZDj9VM11ex8Yq9PMkBaRAF25pjFDZ5YZm4,1.00,Whale,trader,NULL,NULL,NULL,NULL
Dz9mQ9NzkBcCsuGPFJ3r1bS4wgqKMHBPiVuniW8Mbonk,USELESS,2025-05-10,2025-10-14,84,35j2GQ3Z1jcq6E9LqykTECdzxgV1Q9btGDMEwk7WSYcu,0.7006,NULL,trader,NULL,NULL,NULL,NULL
Dz9mQ9NzkBcCsuGPFJ3r1bS4wgqKMHBPiVuniW8Mbonk,USELESS,2025-05-10,2025-10-14,84,EYr3JrnQcJXfGKn7Ezsvu1h5KnFfsSKSvLxt9e1EmQ8x,0.6951,NULL,trader,NULL,NULL,NULL,NULL
Dz9mQ9NzkBcCsuGPFJ3r1bS4wgqKMHBPiVuniW8Mbonk,USELESS,2025-05-10,2025-10-14,84,6Zq16itpPorQsaZiQAUbwoHyifQQeW1oA76h3UfqrVtw,0.6951,NULL,trader,NULL,NULL,NULL,NULL
Dz9mQ9NzkBcCsuGPFJ3r1bS4wgqKMHBPiVuniW8Mbonk,USELESS,2025-05-10,2025-10-14,84,ARjnjhiwtdRo4j3W5aBs9tWSGz6RDU3wWxJF4vdGYp4i,0.67,NULL,trader,NULL,NULL,NULL,NULL
Dz9mQ9NzkBcCsuGPFJ3r1bS4wgqKMHBPiVuniW8Mbonk,USELESS,2025-05-10,2025-10-14,84,E8UeRNpgLdQBSPwJvfLhjAw5tarbe1eEY13cX2csugpa,0.6383,NULL,trader,NULL,NULL,NULL,NULL
Dz9mQ9NzkBcCsuGPFJ3r1bS4wgqKMHBPiVuniW8Mbonk,USELESS,2025-05-10,2025-10-14,84,EGLoxoxdksAefbPuNB68vzZyCrL3XygFQKL6sHkVBzM7,0.5064,NULL,trader,NULL,NULL,NULL,NULL
Dz9mQ9NzkBcCsuGPFJ3r1bS4wgqKMHBPiVuniW8Mbonk,USELESS,2025-05-10,2025-10-14,84,8dAwcLDNSBGVc15EKzEFWocjXSKpGRaEb8NULgS883Fu,0.5003,NULL,trader,NULL,NULL,NULL,NULL
Dz9mQ9NzkBcCsuGPFJ3r1bS4wgqKMHBPiVuniW8Mbonk,USELESS,2025-05-10,2025-10-14,84,CdrMqeieRfWsG7GXKVSPDhRsfmZ9i5xFZvS2cthSmVDS,0.4888,NULL,trader,NULL,NULL,NULL,NULL
Dz9mQ9NzkBcCsuGPFJ3r1bS4wgqKMHBPiVuniW8Mbonk,USELESS,2025-05-10,2025-10-14,84,AGiAVqZiQrz32m1zKC5T4UfQKcDoGNG34sqSHSVNgwtv,0.4804,Whale,trader,NULL,NULL,NULL,NULL
Dz9mQ9NzkBcCsuGPFJ3r1bS4wgqKMHBPiVuniW8Mbonk,USELESS,2025-05-10,2025-10-14,84,8yy2YYZzFxXdd7LKmF64tBHS6DSGGdBRWFYBEHcvJwvb,0.4599,Active Whale Transfer,trader,NULL,NULL,NULL,NULL
Dz9mQ9NzkBcCsuGPFJ3r1bS4wgqKMHBPiVuniW8Mbonk,USELESS,2025-05-10,2025-10-14,84,HRUjmuUcB94ZAeSXMJJT7BWYAvaRXW2on3Vup5Qd8j2z,0.4412,NULL,trader,NULL,NULL,NULL,NULL
Dz9mQ9NzkBcCsuGPFJ3r1bS4wgqKMHBPiVuniW8Mbonk,USELESS,2025-05-10,2025-10-14,84,4iuHxkuUMNmDZeE9sjpRqPTsNxSYvjwNuEQrCuU1UBKy,0.4049,NULL,trader,NULL,NULL,NULL,NULL
Dz9mQ9NzkBcCsuGPFJ3r1bS4wgqKMHBPiVuniW8Mbonk,USELESS,2025-05-10,2025-10-14,84,eYi5h3DBpztdjbevmpMDvYB7bfNM8kWvKYgmobrwDte,0.3854,NULL,trader,NULL,NULL,NULL,NULL
AyrQpt5xsVYiN4BqgZdd2tZJAWswT9yLUZmP1jKqpump,jobcoin,2025-04-14,2026-01-16,140,7NS78P5YXVe3AWg2hftxF2ex1fQpY9TKoH2zQ6hyxxCx,2.35,NULL,trader,NULL,NULL,NULL,NULL
AyrQpt5xsVYiN4BqgZdd2tZJAWswT9yLUZmP1jKqpump,jobcoin,2025-04-14,2026-01-16,140,Euiq5NSfFGBHGZCE2hmYPVkGft7M4GoZENSmp4szXcu3,2.02,NULL,trader,NULL,NULL,NULL,NULL
AyrQpt5xsVYiN4BqgZdd2tZJAWswT9yLUZmP1jKqpump,jobcoin,2025-04-14,2026-01-16,140,12h2zoGBWXZAXuaJ3Z1t7APYarccRfRnbxkD51GnjSvU,1.95,NULL,trader,NULL,NULL,NULL,NULL
AyrQpt5xsVYiN4BqgZdd2tZJAWswT9yLUZmP1jKqpump,jobcoin,2025-04-14,2026-01-16,140,71QvFRvVMzoDHz9KJ7mAuz6mxLmJ66LwJPyZccRqinEC,1.95,NULL,trader,NULL,NULL,NULL,NULL
AyrQpt5xsVYiN4BqgZdd2tZJAWswT9yLUZmP1jKqpump,jobcoin,2025-04-14,2026-01-16,140,Fq7Ama2msVcxoGGwqbpzn49J3HmMReMUSpysD3yyVkTP,1.94,NULL,trader,NULL,NULL,NULL,NULL
AyrQpt5xsVYiN4BqgZdd2tZJAWswT9yLUZmP1jKqpump,jobcoin,2025-04-14,2026-01-16,140,HhGpDzS1i2GUeigxKAwSD4oHRvYkqJp3e7cGwEMZK3zw,1.72,NULL,trader,NULL,NULL,NULL,NULL
AyrQpt5xsVYiN4BqgZdd2tZJAWswT9yLUZmP1jKqpump,jobcoin,2025-04-14,2026-01-16,140,Gha2whcinmMRfTmNas3HLGBxfRyTvn2hsM75BMhGds9e,1.26,NULL,trader,NULL,NULL,NULL,NULL
AyrQpt5xsVYiN4BqgZdd2tZJAWswT9yLUZmP1jKqpump,jobcoin,2025-04-14,2026-01-16,140,2RYCeMEdRkwpqGrNkHE6Af2dV953VXmpGL3Sn9AXFdWw,1.21,NULL,trader,NULL,NULL,NULL,NULL
AyrQpt5xsVYiN4BqgZdd2tZJAWswT9yLUZmP1jKqpump,jobcoin,2025-04-14,2026-01-16,140,9SK3QXKUEhNNuttUPSM4npSCj2e1y1ouuYzsskZEt8H,1.20,NULL,trader,NULL,NULL,NULL,NULL
AyrQpt5xsVYiN4BqgZdd2tZJAWswT9yLUZmP1jKqpump,jobcoin,2025-04-14,2026-01-16,140,7pfpQ4owBxBPGgvaUSpkeJ9ufzMCwCTgsuydeppA6tSQ,1.20,NULL,trader,NULL,NULL,NULL,NULL
AyrQpt5xsVYiN4BqgZdd2tZJAWswT9yLUZmP1jKqpump,jobcoin,2025-04-14,2026-01-16,140,Dwjj4LJo4acZ5gu2nH4D4fwLqNfisJY9mjE3bQyHBSgu,1.20,NULL,trader,NULL,NULL,NULL,NULL
AyrQpt5xsVYiN4BqgZdd2tZJAWswT9yLUZmP1jKqpump,jobcoin,2025-04-14,2026-01-16,140,BXzNq4P7tZEBSzRATPBzTH1Bd122F1Gf7pyGYyEGnuCm,1.18,NULL,trader,NULL,NULL,NULL,NULL
AyrQpt5xsVYiN4BqgZdd2tZJAWswT9yLUZmP1jKqpump,jobcoin,2025-04-14,2026-01-16,140,FDVbPQ6n8GfLMDJXEyo9LWYXqSQtcCnX6qnZAAdwagxt,1.17,NULL,trader,NULL,NULL,NULL,NULL
AyrQpt5xsVYiN4BqgZdd2tZJAWswT9yLUZmP1jKqpump,jobcoin,2025-04-14,2026-01-16,140,462YyiyLB4YvqVrKCt1PnPm4egPn68Edxq12ZkUkjTjq,1.16,NULL,trader,NULL,NULL,NULL,NULL
AyrQpt5xsVYiN4BqgZdd2tZJAWswT9yLUZmP1jKqpump,jobcoin,2025-04-14,2026-01-16,140,CkFoue4CZixru7x6wJVXXoP277rfZ1dgkKybSHFCh14A,1.14,NULL,trader,NULL,NULL,NULL,NULL
AyrQpt5xsVYiN4BqgZdd2tZJAWswT9yLUZmP1jKqpump,jobcoin,2025-04-14,2026-01-16,140,KGhR8xi7Sz5MsJWvFZsK51JHtCm2SghoDVQinBc3wf6,1.11,NULL,trader,NULL,NULL,NULL,NULL
AyrQpt5xsVYiN4BqgZdd2tZJAWswT9yLUZmP1jKqpump,jobcoin,2025-04-14,2026-01-16,140,DeWuyZBCdE34nJdrV4HvzcxBET7hZPb5YEqyJ9H8frmY,1.11,NULL,trader,NULL,NULL,NULL,NULL
AyrQpt5xsVYiN4BqgZdd2tZJAWswT9yLUZmP1jKqpump,jobcoin,2025-04-14,2026-01-16,140,FuqZ4SMaiBkHGtGSU42YQc8BUNhtGCrEzMyHomxAWcKk,1.06,NULL,trader,NULL,NULL,NULL,NULL
AyrQpt5xsVYiN4BqgZdd2tZJAWswT9yLUZmP1jKqpump,jobcoin,2025-04-14,2026-01-16,140,7bBSNAqqVQvQa2weUe7icBZhbMBBfhFNZ5Fx4qBPgQau,1.04,NULL,trader,NULL,NULL,NULL,NULL
AyrQpt5xsVYiN4BqgZdd2tZJAWswT9yLUZmP1jKqpump,jobcoin,2025-04-14,2026-01-16,140,7puu2CSUAiPKWbot4vkWcRCuqgghhuhRXsBzM6ny6jbY,1.04,NULL,trader,NULL,NULL,NULL,NULL
AyrQpt5xsVYiN4BqgZdd2tZJAWswT9yLUZmP1jKqpump,jobcoin,2025-04-14,2026-01-16,140,9gREC93UU4BkNJZPpsEDp9tcS3GoPFCu9comPQPJkoJL,1.00,NULL,trader,NULL,NULL,NULL,NULL
AyrQpt5xsVYiN4BqgZdd2tZJAWswT9yLUZmP1jKqpump,jobcoin,2025-04-14,2026-01-16,140,4PR138wAcXqqKFrWNR5keqTFmCMbmF8XWAXG4JbyMq2J,1.00,NULL,trader,NULL,NULL,NULL,NULL
AyrQpt5xsVYiN4BqgZdd2tZJAWswT9yLUZmP1jKqpump,jobcoin,2025-04-14,2026-01-16,140,GcPqDVvsZfSuPHB1i7kvRGEXTqyP2aqyLQuL1gvp3wtE,0.9801,NULL,trader,NULL,NULL,NULL,NULL
AyrQpt5xsVYiN4BqgZdd2tZJAWswT9yLUZmP1jKqpump,jobcoin,2025-04-14,2026-01-16,140,2yFq2HVxhmyeN1N6CmXseAW6t2x89KjaEVLK21dechES,0.9539,NULL,trader,NULL,NULL,NULL,NULL
AyrQpt5xsVYiN4BqgZdd2tZJAWswT9yLUZmP1jKqpump,jobcoin,2025-04-14,2026-01-16,140,2N5mWezoVXcKwYdNj79c5hyu4jXB84JtE7izJfnZeKsd,0.9438,NULL,trader,NULL,NULL,NULL,NULL
AyrQpt5xsVYiN4BqgZdd2tZJAWswT9yLUZmP1jKqpump,jobcoin,2025-04-14,2026-01-16,140,F3Wni1RGYYFkeayWjSgdePMo2hn3C3WXAdm8Qmez8PsN,0.9319,NULL,trader,NULL,NULL,NULL,NULL
AyrQpt5xsVYiN4BqgZdd2tZJAWswT9yLUZmP1jKqpump,jobcoin,2025-04-14,2026-01-16,140,561edkZRWQtoUX4XsMnk6cWkCd577v7F1Uxj3DvyrFje,0.892,NULL,trader,NULL,NULL,NULL,NULL
AyrQpt5xsVYiN4BqgZdd2tZJAWswT9yLUZmP1jKqpump,jobcoin,2025-04-14,2026-01-16,140,8fhCr5P8Sst9Y9n3LN6BAQz3MLEaxhM9RNSHFh4tUNoK,0.8147,NULL,trader,NULL,NULL,NULL,NULL
AyrQpt5xsVYiN4BqgZdd2tZJAWswT9yLUZmP1jKqpump,jobcoin,2025-04-14,2026-01-16,140,5yp2GRuypQpMcGEWfQ19KQUvY2i6hBQ7ujsvXqsDPxzw,0.7852,NULL,trader,NULL,NULL,NULL,NULL
AyrQpt5xsVYiN4BqgZdd2tZJAWswT9yLUZmP1jKqpump,jobcoin,2025-04-14,2026-01-16,140,AVtURsoee8oGhEMnCzNiXV8i7m921PqT8TYc4VMLkueV,0.7828,NULL,trader,NULL,NULL,NULL,NULL
AyrQpt5xsVYiN4BqgZdd2tZJAWswT9yLUZmP1jKqpump,jobcoin,2025-04-14,2026-01-16,140,3CtfQK6GYLq3Zgx9vsABVRATj6H5bwUAUe1Gji6eLdQX,0.7826,NULL,trader,NULL,NULL,NULL,NULL
AyrQpt5xsVYiN4BqgZdd2tZJAWswT9yLUZmP1jKqpump,jobcoin,2025-04-14,2026-01-16,140,EpqyV3ryjSApQRCPnHD4gTvvo6ADnN3j8nEGGnjMXT5y,0.7741,NULL,trader,NULL,NULL,NULL,NULL
AyrQpt5xsVYiN4BqgZdd2tZJAWswT9yLUZmP1jKqpump,jobcoin,2025-04-14,2026-01-16,140,3fuw2dJwJK3H3mBTxHoTCS4jCBkFqvKoETC1aoCncebg,0.7445,NULL,trader,NULL,NULL,NULL,NULL
AyrQpt5xsVYiN4BqgZdd2tZJAWswT9yLUZmP1jKqpump,jobcoin,2025-04-14,2026-01-16,140,Au3ZmNS93hPgwiP6JfkuECyf2dcWmfwonYjp4oRRHASK,0.7416,NULL,trader,NULL,NULL,NULL,NULL
AyrQpt5xsVYiN4BqgZdd2tZJAWswT9yLUZmP1jKqpump,jobcoin,2025-04-14,2026-01-16,140,CHJjTQZRbU5drPUTwJeqjT3XJdf8Zd9pF3oSHtoybBeb,0.7313,NULL,trader,NULL,NULL,NULL,NULL
AyrQpt5xsVYiN4BqgZdd2tZJAWswT9yLUZmP1jKqpump,jobcoin,2025-04-14,2026-01-16,140,F5NvuP1htcKph9vjktbPVDkc85dwvzNFHvUs3nS6gxHd,0.7001,NULL,trader,NULL,NULL,NULL,NULL
AyrQpt5xsVYiN4BqgZdd2tZJAWswT9yLUZmP1jKqpump,jobcoin,2025-04-14,2026-01-16,140,51eWyWmVns4SLyQoDVbKMz35jp3xmqmft57x74yuTunz,0.6983,NULL,trader,NULL,NULL,NULL,NULL
AyrQpt5xsVYiN4BqgZdd2tZJAWswT9yLUZmP1jKqpump,jobcoin,2025-04-14,2026-01-16,140,BhggKiTUXrSFTRMGegC92YrPbxMxreqg9HQptxWRhNc1,0.6837,NULL,trader,NULL,NULL,NULL,NULL
AyrQpt5xsVYiN4BqgZdd2tZJAWswT9yLUZmP1jKqpump,jobcoin,2025-04-14,2026-01-16,140,6QnvX3pjrt6LPkb8ort1qH19ugK7xRJgaEA587NXoEuv,0.6251,NULL,trader,NULL,NULL,NULL,NULL
Cz7LGKdZPpAxonXx23ZYPW3RtDQvjcf17ZDCZEzFpump,401jk,2025-06-23,2025-11-12,382,Cy1UJz52feHDsSZ17eqZoN51fqCuv2S5TpjHiT1GTBNM,2.43,NULL,trader,NULL,NULL,NULL,NULL
Cz7LGKdZPpAxonXx23ZYPW3RtDQvjcf17ZDCZEzFpump,401jk,2025-06-23,2025-11-12,382,9PNMejEdMRBTMpssD3Ch9qvvmU8EnLgMHjhDcPKorpKy,2.34,NULL,trader,NULL,NULL,NULL,NULL
Cz7LGKdZPpAxonXx23ZYPW3RtDQvjcf17ZDCZEzFpump,401jk,2025-06-23,2025-11-12,382,C3G95er117aQcp6xs9GhPT1bc3MMQmkSsuyrz9cAtVoX,2.22,NULL,trader,NULL,NULL,NULL,NULL
Cz7LGKdZPpAxonXx23ZYPW3RtDQvjcf17ZDCZEzFpump,401jk,2025-06-23,2025-11-12,382,3r3kuKGUYztnBzD5kvguR2vbMnoEkA9xDV6UK5qkCQMH,2.16,NULL,trader,NULL,NULL,NULL,NULL
Cz7LGKdZPpAxonXx23ZYPW3RtDQvjcf17ZDCZEzFpump,401jk,2025-06-23,2025-11-12,382,H2E2i4rocMap6EHAh8Hi1eczWnj6jYDCWQcfD3CSdWge,2.07,NULL,trader,NULL,NULL,NULL,NULL
Cz7LGKdZPpAxonXx23ZYPW3RtDQvjcf17ZDCZEzFpump,401jk,2025-06-23,2025-11-12,382,94kwUMzScTLhtTerehBCkoyUapyLjD34dCNUpHi99RFe,2.00,NULL,trader,NULL,NULL,NULL,NULL
Cz7LGKdZPpAxonXx23ZYPW3RtDQvjcf17ZDCZEzFpump,401jk,2025-06-23,2025-11-12,382,FDcokMLmnkuCzhARCxmhYMTWLSLevjbvCgizntqVcVYP,1.90,NULL,trader,NULL,NULL,NULL,NULL
Cz7LGKdZPpAxonXx23ZYPW3RtDQvjcf17ZDCZEzFpump,401jk,2025-06-23,2025-11-12,382,4xSvbxNW4XiGKUrXJD1RRqpKw2uVqmz519RCpgRgjEGg,1.60,NULL,trader,NULL,NULL,NULL,NULL
Cz7LGKdZPpAxonXx23ZYPW3RtDQvjcf17ZDCZEzFpump,401jk,2025-06-23,2025-11-12,382,3v3iNCS5yPekh9gQbHuUZjoL1WXuqgVS5WcrNEQu5TBB,1.55,NULL,trader,NULL,NULL,NULL,NULL
Cz7LGKdZPpAxonXx23ZYPW3RtDQvjcf17ZDCZEzFpump,401jk,2025-06-23,2025-11-12,382,AqJakbVRw4R6CcHqxCd21cDXpbgCyARPfHz8uma7PBeZ,1.50,NULL,trader,NULL,NULL,NULL,NULL
Cz7LGKdZPpAxonXx23ZYPW3RtDQvjcf17ZDCZEzFpump,401jk,2025-06-23,2025-11-12,382,3j1Fb4iqZygu9HQGvRvubVMux3e8C9Bjcsbp3LUCMNL9,1.43,NULL,trader,NULL,NULL,NULL,NULL
Cz7LGKdZPpAxonXx23ZYPW3RtDQvjcf17ZDCZEzFpump,401jk,2025-06-23,2025-11-12,382,Vdn2ynyxPbMLUGvpwVZEG7AHxihkQ4Vxw4gUJMyQVzM,1.38,NULL,trader,NULL,NULL,NULL,NULL
Cz7LGKdZPpAxonXx23ZYPW3RtDQvjcf17ZDCZEzFpump,401jk,2025-06-23,2025-11-12,382,FGVwSFMWe6Mjxe8J8WhvR1Z5YrXJr5AhGGdraEgGesNr,1.31,NULL,trader,NULL,NULL,NULL,NULL
Cz7LGKdZPpAxonXx23ZYPW3RtDQvjcf17ZDCZEzFpump,401jk,2025-06-23,2025-11-12,382,5i71zKEbWPsrgJVfDes5zq95uMp4HTytszMbN1FkLPPU,1.24,NULL,trader,NULL,NULL,NULL,NULL
Cz7LGKdZPpAxonXx23ZYPW3RtDQvjcf17ZDCZEzFpump,401jk,2025-06-23,2025-11-12,382,5Pg8WFAe4G5tFasxtYYaZ61F9pZQQLbyjzKFiH7A1BMS,1.21,NULL,trader,NULL,NULL,NULL,NULL
Cz7LGKdZPpAxonXx23ZYPW3RtDQvjcf17ZDCZEzFpump,401jk,2025-06-23,2025-11-12,382,22hajWVnDd6TtafXMvvpmAN3xWkVxurfmCZnmoha71sx,1.20,NULL,trader,NULL,NULL,NULL,NULL
Cz7LGKdZPpAxonXx23ZYPW3RtDQvjcf17ZDCZEzFpump,401jk,2025-06-23,2025-11-12,382,3Qnu2hax2DvCsD1ZtT8DjkCgo2YGh9JBuKNgKPXsE3Rj,1.20,NULL,trader,NULL,NULL,NULL,NULL
Cz7LGKdZPpAxonXx23ZYPW3RtDQvjcf17ZDCZEzFpump,401jk,2025-06-23,2025-11-12,382,HeKoNVt6xjW7RsxfUvRE8UEzJ649AGDJRmdcot32fVW5,1.18,NULL,trader,NULL,NULL,NULL,NULL
Cz7LGKdZPpAxonXx23ZYPW3RtDQvjcf17ZDCZEzFpump,401jk,2025-06-23,2025-11-12,382,3jBdgXbPvTtF1BmH8WFdNcwZxcNcskMRHh7E6ot6oExD,1.10,NULL,trader,NULL,NULL,NULL,NULL
Cz7LGKdZPpAxonXx23ZYPW3RtDQvjcf17ZDCZEzFpump,401jk,2025-06-23,2025-11-12,382,2uSUTon94aLafx9iJSWNE3Kphz1BczUWmcBJYbg78AjE,1.07,NULL,trader,NULL,NULL,NULL,NULL
Cz7LGKdZPpAxonXx23ZYPW3RtDQvjcf17ZDCZEzFpump,401jk,2025-06-23,2025-11-12,382,7QoGj5SASQkWPQn7Mmx1Dfo6cxHSrkUjiPXPUekB3eGF,1.04,NULL,trader,NULL,NULL,NULL,NULL
Cz7LGKdZPpAxonXx23ZYPW3RtDQvjcf17ZDCZEzFpump,401jk,2025-06-23,2025-11-12,382,4QzGno8GZbPFn4gnSVatTNDZEHMSpRV5WJepW1NQ7qpk,1.01,NULL,trader,NULL,NULL,NULL,NULL
Cz7LGKdZPpAxonXx23ZYPW3RtDQvjcf17ZDCZEzFpump,401jk,2025-06-23,2025-11-12,382,B2QzzenaB55fEatbiR46s29FdGPyNim19nx2BcQhR33v,1.01,NULL,trader,NULL,NULL,NULL,NULL
Cz7LGKdZPpAxonXx23ZYPW3RtDQvjcf17ZDCZEzFpump,401jk,2025-06-23,2025-11-12,382,HcEKYnUDMdfV26w4N1dBJVKEiwAPYqoEbmEk5tdKuGER,0.9996,NULL,trader,NULL,NULL,NULL,NULL
Cz7LGKdZPpAxonXx23ZYPW3RtDQvjcf17ZDCZEzFpump,401jk,2025-06-23,2025-11-12,382,CuKZ7GzM8mfEBrh4DYbK2Rrx8NBGD3v2mKgTd18nEzfd,0.9045,NULL,trader,NULL,NULL,NULL,NULL
Cz7LGKdZPpAxonXx23ZYPW3RtDQvjcf17ZDCZEzFpump,401jk,2025-06-23,2025-11-12,382,4V2GW2Xu79X5dcY1d2yX4ChZaD1KZkPShrHCGByKE9J9,0.8826,NULL,trader,NULL,NULL,NULL,NULL
Cz7LGKdZPpAxonXx23ZYPW3RtDQvjcf17ZDCZEzFpump,401jk,2025-06-23,2025-11-12,382,DM9dvZvRd9pBud663Xhakwqz9CzanVRCmo218AVrCM6N,0.855,NULL,trader,NULL,NULL,NULL,NULL
Cz7LGKdZPpAxonXx23ZYPW3RtDQvjcf17ZDCZEzFpump,401jk,2025-06-23,2025-11-12,382,BFoDJT8FhGwcht51TRtLB9UaaLokdnqxN23yruuez4je,0.7995,NULL,trader,NULL,NULL,NULL,NULL
Cz7LGKdZPpAxonXx23ZYPW3RtDQvjcf17ZDCZEzFpump,401jk,2025-06-23,2025-11-12,382,Emd3agdAgLwjhP9CHeon9wu1pJpsF7h7zFLYhFbPNyCE,0.788,NULL,trader,NULL,NULL,NULL,NULL
Cz7LGKdZPpAxonXx23ZYPW3RtDQvjcf17ZDCZEzFpump,401jk,2025-06-23,2025-11-12,382,EChoMec2ERgLVZA6YhbnhD62TJUQLAFQNtYe1rJhNxpL,0.7652,NULL,trader,NULL,NULL,NULL,NULL
Cz7LGKdZPpAxonXx23ZYPW3RtDQvjcf17ZDCZEzFpump,401jk,2025-06-23,2025-11-12,382,99qs4rZE45ZcRpJC4d3GinAaqHs5aFUQUC2D7y9NAamL,0.7005,NULL,trader,NULL,NULL,NULL,NULL
Cz7LGKdZPpAxonXx23ZYPW3RtDQvjcf17ZDCZEzFpump,401jk,2025-06-23,2025-11-12,382,72mceSrc3bCcbbgK8WET3jhzfKTWTTfSaLq2KLEYqhHq,0.646,NULL,trader,NULL,NULL,NULL,NULL
Cz7LGKdZPpAxonXx23ZYPW3RtDQvjcf17ZDCZEzFpump,401jk,2025-06-23,2025-11-12,382,12aGA6btFCn2YTEGL2MDNBtiwCKkEprqdhvecA8o7YUP,0.5814,NULL,trader,NULL,NULL,NULL,NULL
Cz7LGKdZPpAxonXx23ZYPW3RtDQvjcf17ZDCZEzFpump,401jk,2025-06-23,2025-11-12,382,6hFTjMkrGQ3Sk7GD6UapNnjA8ZDwVMsgahYrLiy3z5cA,0.5489,NULL,trader,NULL,NULL,NULL,NULL
Cz7LGKdZPpAxonXx23ZYPW3RtDQvjcf17ZDCZEzFpump,401jk,2025-06-23,2025-11-12,382,7jBJzuBEAzV3bjLzxSDfkAG2soLd4S5VKzznt9BjdBYf,0.5202,NULL,trader,NULL,NULL,NULL,NULL
Cz7LGKdZPpAxonXx23ZYPW3RtDQvjcf17ZDCZEzFpump,401jk,2025-06-23,2025-11-12,382,BisUt8FmNKbPVKL9ttt5VmHgqmYh6GNiFTrEkGSaDYab,0.5134,NULL,trader,NULL,NULL,NULL,NULL
9AvytnUKsLxPxFHFqS6VLxaxt5p6BhYNr53SD2Chpump,67,2025-09-08,2025-11-19,565,BaCw5hq6qBf85ZX2S98Eb8TThdWap8yxhzFWE583JZfP,4.53,NULL,trader,NULL,NULL,NULL,NULL
9AvytnUKsLxPxFHFqS6VLxaxt5p6BhYNr53SD2Chpump,67,2025-09-08,2025-11-19,565,6yL2NHagzE15QwVMKFZhzghHauPZeAi4oaVVyWyfZbRs,2.74,NULL,trader,NULL,NULL,NULL,NULL
9AvytnUKsLxPxFHFqS6VLxaxt5p6BhYNr53SD2Chpump,67,2025-09-08,2025-11-19,565,6XkTmkguZ7kYwq3hctAnJbR8NBvuFKf5rV6tvdTrPewE,2.01,NULL,trader,NULL,NULL,NULL,NULL
9AvytnUKsLxPxFHFqS6VLxaxt5p6BhYNr53SD2Chpump,67,2025-09-08,2025-11-19,565,88e2kBDJoN7eQCBj2sxT15etUZ3jPNzD4ijCs1TNySWJ,1.74,Active Whale Transfer,trader,NULL,NULL,NULL,NULL
9AvytnUKsLxPxFHFqS6VLxaxt5p6BhYNr53SD2Chpump,67,2025-09-08,2025-11-19,565,7ygKTWqrBkE48v4jEnC5zH3cuKnTCZAkzmE2ZYQuegV9,1.70,NULL,trader,NULL,NULL,NULL,NULL
9AvytnUKsLxPxFHFqS6VLxaxt5p6BhYNr53SD2Chpump,67,2025-09-08,2025-11-19,565,FjxgGwchRnwxaEcTTNJ8MHkoUqZDHwuEVHawMGASx441,1.48,Whale,trader,NULL,NULL,NULL,NULL
9AvytnUKsLxPxFHFqS6VLxaxt5p6BhYNr53SD2Chpump,67,2025-09-08,2025-11-19,565,E3Ni9HinpGJBHPjpqmQPua6jKCi3j1wRUN539LgEcHZ,1.42,NULL,trader,NULL,NULL,NULL,NULL
9AvytnUKsLxPxFHFqS6VLxaxt5p6BhYNr53SD2Chpump,67,2025-09-08,2025-11-19,565,2P7Sk46dXTYRmeFjbWg1hEba6VcBd8GLkiXxYNtAhZiw,1.17,NULL,trader,NULL,NULL,NULL,NULL
9AvytnUKsLxPxFHFqS6VLxaxt5p6BhYNr53SD2Chpump,67,2025-09-08,2025-11-19,565,FwpBBSmJBxNRv43KorZagjvKJf9REVPcDNMuzraLDeuf,1.16,NULL,trader,NULL,NULL,NULL,NULL
9AvytnUKsLxPxFHFqS6VLxaxt5p6BhYNr53SD2Chpump,67,2025-09-08,2025-11-19,565,3s67VM41dTb6d8XsHjQNnpQcgX5xmwydcVXGf7Wot3zQ,1.11,NULL,trader,NULL,NULL,NULL,NULL
9AvytnUKsLxPxFHFqS6VLxaxt5p6BhYNr53SD2Chpump,67,2025-09-08,2025-11-19,565,4BVmFcuAZtVS3V5Va44uiUt4R43aSsFqDNMfcgjVfqQA,1.08,NULL,trader,NULL,NULL,NULL,NULL
9AvytnUKsLxPxFHFqS6VLxaxt5p6BhYNr53SD2Chpump,67,2025-09-08,2025-11-19,565,Et6DgJN3jr1QzbujE3PyTt4aaTfnHKuUbf7aeDvhFbNu,1.05,Active Whale Transfer,trader,NULL,NULL,NULL,NULL
9AvytnUKsLxPxFHFqS6VLxaxt5p6BhYNr53SD2Chpump,67,2025-09-08,2025-11-19,565,6SKSZh15zbwcoZicLioCdAxsQsStnd7y2QixVNEzs3So,1.04,NULL,trader,NULL,NULL,NULL,NULL
9AvytnUKsLxPxFHFqS6VLxaxt5p6BhYNr53SD2Chpump,67,2025-09-08,2025-11-19,565,722d254xnMZ6Y8vWcpYbkYtJSg8JeGNhfyc7EKtnjt3R,1.01,NULL,trader,NULL,NULL,NULL,NULL
9AvytnUKsLxPxFHFqS6VLxaxt5p6BhYNr53SD2Chpump,67,2025-09-08,2025-11-19,565,rawdogging.sol,1.00,NULL,named_trader,NULL,NULL,NULL,NULL
9AvytnUKsLxPxFHFqS6VLxaxt5p6BhYNr53SD2Chpump,67,2025-09-08,2025-11-19,565,HBYkoojFkFX7NWuF2VcpDWNXEdGatfNE6mYLsR2udSzo,1.00,NULL,trader,NULL,NULL,NULL,NULL
9AvytnUKsLxPxFHFqS6VLxaxt5p6BhYNr53SD2Chpump,67,2025-09-08,2025-11-19,565,EU7eUNDSKKT9rrd9vLChLaeTx7SQpAAiovetHw5oUXCa,1.00,NULL,trader,NULL,NULL,NULL,NULL
9AvytnUKsLxPxFHFqS6VLxaxt5p6BhYNr53SD2Chpump,67,2025-09-08,2025-11-19,565,quinny.sol,1.00,NULL,named_trader,NULL,NULL,NULL,NULL
9AvytnUKsLxPxFHFqS6VLxaxt5p6BhYNr53SD2Chpump,67,2025-09-08,2025-11-19,565,4mHG8ce35GQzV83h7XiXt4sGaRxU9D1FqrgGbb8Qhw2p,0.9946,NULL,trader,NULL,NULL,NULL,NULL
9AvytnUKsLxPxFHFqS6VLxaxt5p6BhYNr53SD2Chpump,67,2025-09-08,2025-11-19,565,GvvajERHRt7Ebe7mRR1wt2gGjqhe1nct5CrEbDwaaRiA,0.9336,NULL,trader,NULL,NULL,NULL,NULL
9AvytnUKsLxPxFHFqS6VLxaxt5p6BhYNr53SD2Chpump,67,2025-09-08,2025-11-19,565,63brGoaacJXu4SKndgY1j4U2i3nzr9o22N9TbVjPzbR6,0.9192,Active Whale Transfer,trader,NULL,NULL,NULL,NULL
9AvytnUKsLxPxFHFqS6VLxaxt5p6BhYNr53SD2Chpump,67,2025-09-08,2025-11-19,565,6BXi7z69yajbKCHRLBtzkNaBATE5hKnyCtP4Eco7A5Mi,0.9092,NULL,trader,NULL,NULL,NULL,NULL
9AvytnUKsLxPxFHFqS6VLxaxt5p6BhYNr53SD2Chpump,67,2025-09-08,2025-11-19,565,AvFMiriTwd3RAm2DmSY45xenuS2kiZd2QTwEE7BumphX,0.8112,NULL,trader,NULL,NULL,NULL,NULL
9AvytnUKsLxPxFHFqS6VLxaxt5p6BhYNr53SD2Chpump,67,2025-09-08,2025-11-19,565,2ChwmBnS5wLHTP3tS6XxN2AA8BtUegsy56GeU19VcFpg,0.8064,NULL,trader,NULL,NULL,NULL,NULL
9AvytnUKsLxPxFHFqS6VLxaxt5p6BhYNr53SD2Chpump,67,2025-09-08,2025-11-19,565,3HdEETmNAvB1N7Qq9TYvj6W6KMzqE7B2Kr8c9YNA9hou,0.7967,NULL,trader,NULL,NULL,NULL,NULL
9AvytnUKsLxPxFHFqS6VLxaxt5p6BhYNr53SD2Chpump,67,2025-09-08,2025-11-19,565,HF7hDTWccyQHBDWHSk7URRDArbX6wM2FL6tmSVbSHYsr,0.6901,NULL,trader,NULL,NULL,NULL,NULL
9AvytnUKsLxPxFHFqS6VLxaxt5p6BhYNr53SD2Chpump,67,2025-09-08,2025-11-19,565,7WJHmBP4YPBAkvibxioVFgRofhcVrTFH3kp9XT38iZS3,0.681,NULL,trader,NULL,NULL,NULL,NULL
9AvytnUKsLxPxFHFqS6VLxaxt5p6BhYNr53SD2Chpump,67,2025-09-08,2025-11-19,565,GGceNBdy7paQfPu5c47bZDdf9PHfM7NVtP4TMyPjQJaK,0.6702,NULL,trader,NULL,NULL,NULL,NULL
9AvytnUKsLxPxFHFqS6VLxaxt5p6BhYNr53SD2Chpump,67,2025-09-08,2025-11-19,565,4cr5Rp8zmf8E3RYZfcWDpo9S85wtGxvVERNB8F8UKx1y,0.6693,NULL,trader,NULL,NULL,NULL,NULL
9AvytnUKsLxPxFHFqS6VLxaxt5p6BhYNr53SD2Chpump,67,2025-09-08,2025-11-19,565,Bjt1vQjYNi4nJUDHi8QKoTm6t2zdFGvfAh24VWQpRMNS,0.6311,NULL,trader,NULL,NULL,NULL,NULL
9AvytnUKsLxPxFHFqS6VLxaxt5p6BhYNr53SD2Chpump,67,2025-09-08,2025-11-19,565,CDMgzpuhhtrWwub74RyDMSW9PfkFyjcq8kHfs6swgYuK,0.6221,NULL,trader,NULL,NULL,NULL,NULL
9AvytnUKsLxPxFHFqS6VLxaxt5p6BhYNr53SD2Chpump,67,2025-09-08,2025-11-19,565,D1EVvCuXYXFTAWvuV1mKVTEcpfFe3R5VYk3Ya3Bhh2FV,0.611,NULL,trader,NULL,NULL,NULL,NULL
9AvytnUKsLxPxFHFqS6VLxaxt5p6BhYNr53SD2Chpump,67,2025-09-08,2025-11-19,565,Bs8e4CWEvDtMoaqn9yC5AXjmpnUz7tdCavmD3vfSDuzg,0.6019,NULL,trader,NULL,NULL,NULL,NULL
9AvytnUKsLxPxFHFqS6VLxaxt5p6BhYNr53SD2Chpump,67,2025-09-08,2025-11-19,565,AsFC3KamAsoPWHBsFCNtZXM5NFEi94UL8yLw8yf9X9Tp,0.5692,NULL,trader,NULL,NULL,NULL,NULL
9AvytnUKsLxPxFHFqS6VLxaxt5p6BhYNr53SD2Chpump,67,2025-09-08,2025-11-19,565,GtEiPHow9Fq85gLNTEaTK9Q5cbm4wCo2673EAHTJthz1,0.5432,NULL,trader,NULL,NULL,NULL,NULL
9AvytnUKsLxPxFHFqS6VLxaxt5p6BhYNr53SD2Chpump,67,2025-09-08,2025-11-19,565,3ahEST1L5RVv36n51E1VpdtzuroeXunXUrTzXi8jUy2q,0.5396,NULL,trader,NULL,NULL,NULL,NULL
9AvytnUKsLxPxFHFqS6VLxaxt5p6BhYNr53SD2Chpump,67,2025-09-08,2025-11-19,565,BWrx3KX1A5xJbfJoPwhvqFGTFrZxhQWeL3j7gvnXkcL,0.5001,NULL,trader,NULL,NULL,NULL,NULL
9zqre5sRRdFvKqyTyvEd1jcKDRF4g47s7mZSGUnQpump,boob,2026-01-09,2026-05-18,289,FBCeXyW8fT6muxUoqvNn5uBtzWL4HZ4V4F98gDo8seB9,1.90,NULL,trader,NULL,NULL,NULL,NULL
9zqre5sRRdFvKqyTyvEd1jcKDRF4g47s7mZSGUnQpump,boob,2026-01-09,2026-05-18,289,BtM3og6qCSNLdAPf2rpsgbDM2DJ9Yk4uR7ri9vLjwyxv,1.84,NULL,trader,NULL,NULL,NULL,NULL
9zqre5sRRdFvKqyTyvEd1jcKDRF4g47s7mZSGUnQpump,boob,2026-01-09,2026-05-18,289,96gLpkdSGRB6SjArBwv5vhfoAZ4S3ij4hyvxtLmUsqGP,1.81,NULL,trader,NULL,NULL,NULL,NULL
9zqre5sRRdFvKqyTyvEd1jcKDRF4g47s7mZSGUnQpump,boob,2026-01-09,2026-05-18,289,AcYJBxXmv8WnoiPPoCPzPy9JtvrtjNXdEYj3sUDV1oN2,1.42,NULL,trader,NULL,NULL,NULL,NULL
9zqre5sRRdFvKqyTyvEd1jcKDRF4g47s7mZSGUnQpump,boob,2026-01-09,2026-05-18,289,F4fHCh9QGZhKUx7QJ7LHFNuJa7zXdepSMNsJvAFKorJU,1.37,NULL,trader,NULL,NULL,NULL,NULL
9zqre5sRRdFvKqyTyvEd1jcKDRF4g47s7mZSGUnQpump,boob,2026-01-09,2026-05-18,289,7M5fzU1BC5CYhiZTm4LF14gTMkaQNQgKCaZ67UYKjfef,1.36,NULL,trader,NULL,NULL,NULL,NULL
9zqre5sRRdFvKqyTyvEd1jcKDRF4g47s7mZSGUnQpump,boob,2026-01-09,2026-05-18,289,FMmzAchfTX7nhwEB6uVh2Wo7Bw3TavAwMgoU5qCHYMmg,1.23,NULL,trader,NULL,NULL,NULL,NULL
9zqre5sRRdFvKqyTyvEd1jcKDRF4g47s7mZSGUnQpump,boob,2026-01-09,2026-05-18,289,EEQmaufN1zU9hXL27NJ7xiNrRcBDWT9JG1xo52o1yLaT,1.20,NULL,trader,NULL,NULL,NULL,NULL
9zqre5sRRdFvKqyTyvEd1jcKDRF4g47s7mZSGUnQpump,boob,2026-01-09,2026-05-18,289,9bkGXjFNfxJRTx3xCLuAGyWn2j96oSSxe2qdw6FXZkfY,1.20,NULL,trader,NULL,NULL,NULL,NULL
9zqre5sRRdFvKqyTyvEd1jcKDRF4g47s7mZSGUnQpump,boob,2026-01-09,2026-05-18,289,HbSLfZJqBwRLYm7Wg871svtnaM7USE2W9J3yZrapu6NA,1.19,NULL,trader,NULL,NULL,NULL,NULL
9zqre5sRRdFvKqyTyvEd1jcKDRF4g47s7mZSGUnQpump,boob,2026-01-09,2026-05-18,289,7f3BTQHaKTBzabWgpWKULxshZUx8brVHCeMwwzBnNdqV,1.10,NULL,trader,NULL,NULL,NULL,NULL
9zqre5sRRdFvKqyTyvEd1jcKDRF4g47s7mZSGUnQpump,boob,2026-01-09,2026-05-18,289,FqPfeQy83JQ5QdFQ14EdhMizqBzji8Uay5gDue4A6PHC,1.10,NULL,trader,NULL,NULL,NULL,NULL
9zqre5sRRdFvKqyTyvEd1jcKDRF4g47s7mZSGUnQpump,boob,2026-01-09,2026-05-18,289,EvodoXrG1HJxvKe5XqbKCoJaiFj6esStJ36BMMxxWUwY,1.07,NULL,trader,NULL,NULL,NULL,NULL
9zqre5sRRdFvKqyTyvEd1jcKDRF4g47s7mZSGUnQpump,boob,2026-01-09,2026-05-18,289,4241VRnpfQvV1aGJZXQcDfXefJj9TC8dn1vJVp3VidrP,1.07,NULL,trader,NULL,NULL,NULL,NULL
9zqre5sRRdFvKqyTyvEd1jcKDRF4g47s7mZSGUnQpump,boob,2026-01-09,2026-05-18,289,BkYAt2L35cvBxwj9gJEW8zDJNL5BFNF7XFUcN92tEuUs,1.04,NULL,trader,NULL,NULL,NULL,NULL
9zqre5sRRdFvKqyTyvEd1jcKDRF4g47s7mZSGUnQpump,boob,2026-01-09,2026-05-18,289,Bbj4XufvCtNsgM4Z7KDHvmGXLSsccbAXBLjdq5J2mvsp,1.01,NULL,trader,NULL,NULL,NULL,NULL
9zqre5sRRdFvKqyTyvEd1jcKDRF4g47s7mZSGUnQpump,boob,2026-01-09,2026-05-18,289,8qh1xn4ugmxi82QPeRdqopAUv11TgU3WbBBLmeQzTDnd,1.00,NULL,trader,NULL,NULL,NULL,NULL
9zqre5sRRdFvKqyTyvEd1jcKDRF4g47s7mZSGUnQpump,boob,2026-01-09,2026-05-18,289,B6EUcfHEo94jbuVYEjZXqZW6ofwGif2FJbJpLFXWpJxJ,1.00,NULL,trader,NULL,NULL,NULL,NULL
9zqre5sRRdFvKqyTyvEd1jcKDRF4g47s7mZSGUnQpump,boob,2026-01-09,2026-05-18,289,41zMEu62f8wQaSji9v7iYhDfti3PjeHhHNCEBrviJ3Ev,0.946,NULL,trader,NULL,NULL,NULL,NULL
9zqre5sRRdFvKqyTyvEd1jcKDRF4g47s7mZSGUnQpump,boob,2026-01-09,2026-05-18,289,HvgniSERmzkWnqufiU842QwfJxjUiTpQrjB82ubg6n1i,0.9191,NULL,trader,NULL,NULL,NULL,NULL
9zqre5sRRdFvKqyTyvEd1jcKDRF4g47s7mZSGUnQpump,boob,2026-01-09,2026-05-18,289,D9NKx3SkKfJzXENgdPbTDxdvxTM7p6ckxoXmHwkgugVy,0.905,NULL,trader,NULL,NULL,NULL,NULL
9zqre5sRRdFvKqyTyvEd1jcKDRF4g47s7mZSGUnQpump,boob,2026-01-09,2026-05-18,289,3tWG4tpz83dhSJuyTV4Vhj5fP1wnzRzQrwxRCy8EDKGE,0.87,NULL,trader,NULL,NULL,NULL,NULL
9zqre5sRRdFvKqyTyvEd1jcKDRF4g47s7mZSGUnQpump,boob,2026-01-09,2026-05-18,289,Ev1cqxHTQLeYRpTShxC15pVYLpfZ3sXWVn96v5p7ypTG,0.8408,NULL,trader,NULL,NULL,NULL,NULL
9zqre5sRRdFvKqyTyvEd1jcKDRF4g47s7mZSGUnQpump,boob,2026-01-09,2026-05-18,289,EAN8HaaHgemg41TcZ9bdcjKWhUqNnDQi4ZU4MP7byTvk,0.8388,NULL,trader,NULL,NULL,NULL,NULL
9zqre5sRRdFvKqyTyvEd1jcKDRF4g47s7mZSGUnQpump,boob,2026-01-09,2026-05-18,289,DB19mC6REdufq5bHFarNpf2bFLfviTq518Wxem9iaUSG,0.812,NULL,trader,NULL,NULL,NULL,NULL
9zqre5sRRdFvKqyTyvEd1jcKDRF4g47s7mZSGUnQpump,boob,2026-01-09,2026-05-18,289,4s1x396rQXCfCJoXmDiTVtFeCTT7DoK7iVnv8tVBF2fC,0.808,NULL,trader,NULL,NULL,NULL,NULL
9zqre5sRRdFvKqyTyvEd1jcKDRF4g47s7mZSGUnQpump,boob,2026-01-09,2026-05-18,289,4zwUEStV6LXA31n9iRqcLL9KfWuUuBTQZaLDargnN4m7,0.7672,NULL,trader,NULL,NULL,NULL,NULL
9zqre5sRRdFvKqyTyvEd1jcKDRF4g47s7mZSGUnQpump,boob,2026-01-09,2026-05-18,289,Ej5znbkfaG7Mm4BiYQF5z87WdMTEj1iDhNKPC63b9PVK,0.7498,NULL,trader,NULL,NULL,NULL,NULL
9zqre5sRRdFvKqyTyvEd1jcKDRF4g47s7mZSGUnQpump,boob,2026-01-09,2026-05-18,289,7QfFYtaHDeYUAhzmyGj42HwceNVaSmaSqT6mPZgLZL4y,0.7343,NULL,trader,NULL,NULL,NULL,NULL
9zqre5sRRdFvKqyTyvEd1jcKDRF4g47s7mZSGUnQpump,boob,2026-01-09,2026-05-18,289,FbZr8qBqPpfiZWaYKvzmNwxvYbD8SKdtuU2esifN1paD,0.7052,NULL,trader,NULL,NULL,NULL,NULL
9zqre5sRRdFvKqyTyvEd1jcKDRF4g47s7mZSGUnQpump,boob,2026-01-09,2026-05-18,289,6eQH9PcE8H5f6WWQD3Qfoqwwmp22CkLVpHVVcpSVg6i5,0.7025,NULL,trader,NULL,NULL,NULL,NULL
9zqre5sRRdFvKqyTyvEd1jcKDRF4g47s7mZSGUnQpump,boob,2026-01-09,2026-05-18,289,8FKbbe1xhzvUtdSuLUZA2YeUzSCCfocq3vs9ekeARbSd,0.6958,NULL,trader,NULL,NULL,NULL,NULL
9zqre5sRRdFvKqyTyvEd1jcKDRF4g47s7mZSGUnQpump,boob,2026-01-09,2026-05-18,289,8QHMicMBCzBVGcEnFuv2oqWd2fmKLHLSiF3V2ZJxzo4K,0.6826,NULL,trader,NULL,NULL,NULL,NULL
9zqre5sRRdFvKqyTyvEd1jcKDRF4g47s7mZSGUnQpump,boob,2026-01-09,2026-05-18,289,CekZiNoGeVJxrJnejaacPSSRcpH858Q96tLPqTL28951,0.6756,NULL,trader,NULL,NULL,NULL,NULL
9zqre5sRRdFvKqyTyvEd1jcKDRF4g47s7mZSGUnQpump,boob,2026-01-09,2026-05-18,289,89zdUSLxqdzJWaFqFZza3SNHYRXSxDK5ys9wmVgNtoE5,0.6579,NULL,trader,NULL,NULL,NULL,NULL
9zqre5sRRdFvKqyTyvEd1jcKDRF4g47s7mZSGUnQpump,boob,2026-01-09,2026-05-18,289,HqgSLUtEnqH7hLyscb2XFcr94jPSh7NxeUCU4gDesqyh,0.647,NULL,trader,NULL,NULL,NULL,NULL
9zqre5sRRdFvKqyTyvEd1jcKDRF4g47s7mZSGUnQpump,boob,2026-01-09,2026-05-18,289,Ejdmsb4Y2gdYr2Mxi3KuLSzpK4WUBZKgPdSXDSD7xiXs,0.6437,NULL,trader,NULL,NULL,NULL,NULL
9zqre5sRRdFvKqyTyvEd1jcKDRF4g47s7mZSGUnQpump,boob,2026-01-09,2026-05-18,289,31HPt5v1zLzBM9CvfnHj467e1q7bvieJk8845kP6M8HF,0.6388,NULL,trader,NULL,NULL,NULL,NULL
5HV956n7UQT1XdJzv43fHPocest5YAmi9ipsuiJx7zt7,memecoin,2025,2026-04-29,478,7w2UAHpFGfuDysgyS6oVarevXMLy5mDPSQgmJ7oWZdaf,5.37,Active Whale Transfer,trader,NULL,NULL,NULL,NULL
5HV956n7UQT1XdJzv43fHPocest5YAmi9ipsuiJx7zt7,memecoin,2025,2026-04-29,478,2NCTbbnUfXNABUwqB2vEMkD3EJQcvQprHDQJQ1Bijvaz,3.25,Whale,trader,NULL,NULL,NULL,NULL
5HV956n7UQT1XdJzv43fHPocest5YAmi9ipsuiJx7zt7,memecoin,2025,2026-04-29,478,3xRT22ed5V6gKkR16hcL2H5GEBMu15givEH14ZsTsv8j,2.02,NULL,trader,NULL,NULL,NULL,NULL
5HV956n7UQT1XdJzv43fHPocest5YAmi9ipsuiJx7zt7,memecoin,2025,2026-04-29,478,BgwmRVR35fw1dnQD8DwQ6yc5Aq3PvPftLkGPeis5ecnE,1.72,NULL,trader,NULL,NULL,NULL,NULL
5HV956n7UQT1XdJzv43fHPocest5YAmi9ipsuiJx7zt7,memecoin,2025,2026-04-29,478,E7DXgBkJs1GQxpzGSZH1KW2befm73tbkeazjxgqQgPv3,1.49,NULL,trader,NULL,NULL,NULL,NULL
5HV956n7UQT1XdJzv43fHPocest5YAmi9ipsuiJx7zt7,memecoin,2025,2026-04-29,478,D3eiXFUskXirR81nMJ5gmHL2g37EchRJVyYtXmupWSpD,1.49,NULL,trader,NULL,NULL,NULL,NULL
5HV956n7UQT1XdJzv43fHPocest5YAmi9ipsuiJx7zt7,memecoin,2025,2026-04-29,478,7ejJWwtkTtcf3mtbiNevxyht45WrErruJLWFJFLPvPzL,1.44,NULL,trader,NULL,NULL,NULL,NULL
5HV956n7UQT1XdJzv43fHPocest5YAmi9ipsuiJx7zt7,memecoin,2025,2026-04-29,478,soloxbt.sol,1.40,NULL,named_trader,NULL,NULL,NULL,NULL
5HV956n7UQT1XdJzv43fHPocest5YAmi9ipsuiJx7zt7,memecoin,2025,2026-04-29,478,74oNN9VfJv2V2SJf4RFSiKPKbrgyMdz7agkaeikRSgm5,1.37,NULL,trader,NULL,NULL,NULL,NULL
5HV956n7UQT1XdJzv43fHPocest5YAmi9ipsuiJx7zt7,memecoin,2025,2026-04-29,478,FM4QcBzfsJC9bSEDnhNkm9eG7vUBrE4rJpAst46rXgQe,1.27,NULL,trader,NULL,NULL,NULL,NULL
5HV956n7UQT1XdJzv43fHPocest5YAmi9ipsuiJx7zt7,memecoin,2025,2026-04-29,478,7G6BtLUCmEZ8JeJiYNQTSiq4EgxZGJndK6jMoSdDtrLA,1.21,NULL,trader,NULL,NULL,NULL,NULL
5HV956n7UQT1XdJzv43fHPocest5YAmi9ipsuiJx7zt7,memecoin,2025,2026-04-29,478,8dZEbutzKVyDs9LyE7FCpeXknt6Xer53HDwCHT3Wwtbo,1.07,NULL,trader,NULL,NULL,NULL,NULL
5HV956n7UQT1XdJzv43fHPocest5YAmi9ipsuiJx7zt7,memecoin,2025,2026-04-29,478,DyPNCvKso43CorKDDqgx3JCfjwtena8MKXpxWjLqYjF1,1.06,NULL,trader,NULL,NULL,NULL,NULL
5HV956n7UQT1XdJzv43fHPocest5YAmi9ipsuiJx7zt7,memecoin,2025,2026-04-29,478,gake,1.00,NULL,trader,NULL,NULL,NULL,NULL
5HV956n7UQT1XdJzv43fHPocest5YAmi9ipsuiJx7zt7,memecoin,2025,2026-04-29,478,8uzBUQQw245BsTEoytfM55mMtGomdFLuukQQqifFZ4ZC,0.9913,NULL,trader,NULL,NULL,NULL,NULL
5HV956n7UQT1XdJzv43fHPocest5YAmi9ipsuiJx7zt7,memecoin,2025,2026-04-29,478,HpD3gPsraZAXqP32rsoMmDWiucbpciNiGaagtdmm3333,0.9891,NULL,trader,NULL,NULL,NULL,NULL
5HV956n7UQT1XdJzv43fHPocest5YAmi9ipsuiJx7zt7,memecoin,2025,2026-04-29,478,FRE5FJArUPdEpJqtziW1qsFHFdGs8oFX9BtsNeG12n7z,0.9211,NULL,trader,NULL,NULL,NULL,NULL
5HV956n7UQT1XdJzv43fHPocest5YAmi9ipsuiJx7zt7,memecoin,2025,2026-04-29,478,5auMWAMz2dTxX3UnXAgLDhadrKVDcZB7RepJFChWCMhL,0.8918,NULL,trader,NULL,NULL,NULL,NULL
5HV956n7UQT1XdJzv43fHPocest5YAmi9ipsuiJx7zt7,memecoin,2025,2026-04-29,478,Aqa8H5hmHe9MFY9sW6widbqEuaYv7q2KnRo25ApPhWhA,0.8528,NULL,trader,NULL,NULL,NULL,NULL
5HV956n7UQT1XdJzv43fHPocest5YAmi9ipsuiJx7zt7,memecoin,2025,2026-04-29,478,9eopQbZdGDnTyXdEDeDbFqfcVYJ4CyAfS3anEr2JAjHo,0.8465,Active Whale Transfer,trader,NULL,NULL,NULL,NULL
5HV956n7UQT1XdJzv43fHPocest5YAmi9ipsuiJx7zt7,memecoin,2025,2026-04-29,478,8WneTZWjU1VQ3etazVTRyqE7eNekZub6mfCA6aYVpUkv,0.8408,NULL,trader,NULL,NULL,NULL,NULL
5HV956n7UQT1XdJzv43fHPocest5YAmi9ipsuiJx7zt7,memecoin,2025,2026-04-29,478,GLg7c5WceZdzTVenMXtUuttuQSjsoUvQRLzNupcLtYsH,0.8219,NULL,trader,NULL,NULL,NULL,NULL
5HV956n7UQT1XdJzv43fHPocest5YAmi9ipsuiJx7zt7,memecoin,2025,2026-04-29,478,4vrHbTJrN8Y24Kv9tURmfbAsTr5S1pC8uuyjsSdC3BeY,0.7938,NULL,trader,NULL,NULL,NULL,NULL
5HV956n7UQT1XdJzv43fHPocest5YAmi9ipsuiJx7zt7,memecoin,2025,2026-04-29,478,6tBgxMa8KxZXDKDV2nXQxqFRVc12ZvusWg31bd7xFfX,0.6519,NULL,trader,NULL,NULL,NULL,NULL
5HV956n7UQT1XdJzv43fHPocest5YAmi9ipsuiJx7zt7,memecoin,2025,2026-04-29,478,Ai7r5cxGKmSyEp4G1MZFCR5kWLUNv1jJ9nsPPkf4Q5tZ,0.6229,NULL,trader,NULL,NULL,NULL,NULL
5HV956n7UQT1XdJzv43fHPocest5YAmi9ipsuiJx7zt7,memecoin,2025,2026-04-29,478,FjYXrCEEF5vanGeqmFpNJ9r3xr6mrKWoyDQfPHa2sHiM,0.5991,NULL,trader,NULL,NULL,NULL,NULL
5HV956n7UQT1XdJzv43fHPocest5YAmi9ipsuiJx7zt7,memecoin,2025,2026-04-29,478,APUnpSv4HDpNPfed4dPqAnz75REWYbM5vTHaTnApLe1P,0.5506,High Frequency Trader,HFT_MM,NULL,NULL,NULL,NULL
5HV956n7UQT1XdJzv43fHPocest5YAmi9ipsuiJx7zt7,memecoin,2025,2026-04-29,478,A4sUMwXWhZnCb8KasSVNdD1KPk79KdqUJnqgBAT9hEFk,0.4874,NULL,trader,NULL,NULL,NULL,NULL
5HV956n7UQT1XdJzv43fHPocest5YAmi9ipsuiJx7zt7,memecoin,2025,2026-04-29,478,SijyALKqUYc4TZaoDoScdrGLgyPRLidosJoSF4r5ESJ,0.4826,NULL,trader,NULL,NULL,NULL,NULL
5HV956n7UQT1XdJzv43fHPocest5YAmi9ipsuiJx7zt7,memecoin,2025,2026-04-29,478,6LBkLBfPiNcagiVZrWbQzVSxzWSvjLFtSesuVAnxPA3H,0.4659,NULL,trader,NULL,NULL,NULL,NULL
5HV956n7UQT1XdJzv43fHPocest5YAmi9ipsuiJx7zt7,memecoin,2025,2026-04-29,478,2kAm9nnAM34aD1tb6RR4vpv7yo2tNMW3Bc6FUR1gzvMx,0.4548,NULL,trader,NULL,NULL,NULL,NULL
5HV956n7UQT1XdJzv43fHPocest5YAmi9ipsuiJx7zt7,memecoin,2025,2026-04-29,478,GoG7MiupWYaMhaZLLtuFp486dhubmchLLXe3B7ZATr4V,0.447,NULL,trader,NULL,NULL,NULL,NULL
5HV956n7UQT1XdJzv43fHPocest5YAmi9ipsuiJx7zt7,memecoin,2025,2026-04-29,478,Bh8B61j9AMjEoJ4Lsda1Wfe2LijC8jPMxb6VjDuvd8Ze,0.4378,NULL,trader,NULL,NULL,NULL,NULL
5HV956n7UQT1XdJzv43fHPocest5YAmi9ipsuiJx7zt7,memecoin,2025,2026-04-29,478,epicvillage.sol,0.4369,NULL,named_trader,NULL,NULL,NULL,NULL
5HV956n7UQT1XdJzv43fHPocest5YAmi9ipsuiJx7zt7,memecoin,2025,2026-04-29,478,7Yr13NUAu7L4VXnGh77VBYeJimZUCC5c6tMSSthS1zjY,0.4198,NULL,trader,NULL,NULL,NULL,NULL
5HV956n7UQT1XdJzv43fHPocest5YAmi9ipsuiJx7zt7,memecoin,2025,2026-04-29,478,9BRmHu8vs5PmqnBFKi8s3KuKMihDUFGcnZ51Jme9L5sM,0.3815,NULL,trader,NULL,NULL,NULL,NULL
5HV956n7UQT1XdJzv43fHPocest5YAmi9ipsuiJx7zt7,memecoin,2025,2026-04-29,478,4gQrAGP2oaKwd1gTiq3dFgqEAU8Pq2G8raJFsCsFegeY,0.3736,NULL,trader,NULL,NULL,NULL,NULL
5HV956n7UQT1XdJzv43fHPocest5YAmi9ipsuiJx7zt7,memecoin,2025,2026-04-29,478,GmhyFEU3STpPtg2ybRkX9tsHBs1SbtEdGbi2vLex8RNa,0.3719,NULL,trader,NULL,NULL,NULL,NULL
5HV956n7UQT1XdJzv43fHPocest5YAmi9ipsuiJx7zt7,memecoin,2025,2026-04-29,478,5E8j8zjca1a2HWNjLZM5fYA7aEiD7qXR1NJMN663L5cX,0.3569,NULL,trader,NULL,NULL,NULL,NULL
